,Age,Weight (kg),Height (m),Max_BPM,Avg_BPM,Resting_BPM,Fat_Percentage,Experience_Level,BMI,Gender_Female,Gender_Male,Workout_Type_Cardio,Workout_Type_HIIT,Workout_Type_Strength,Workout_Type_Yoga,Time_Week
0,56,88.3,1.71,180,157,60,12.6,3,30.2,0,1,0,0,0,1,6.76
1,46,74.9,1.53,179,151,66,33.9,2,32.0,1,0,0,1,0,0,5.2
2,32,68.1,1.66,167,122,54,33.4,2,24.71,1,0,1,0,0,0,4.44
3,25,53.2,1.7,190,164,56,28.8,1,18.41,0,1,0,0,1,0,1.77
4,38,46.1,1.79,188,158,68,29.2,1,14.39,0,1,0,0,1,0,1.92
5,56,58.0,1.68,168,156,74,15.5,3,20.55,1,0,0,1,0,0,7.95
6,36,70.3,1.72,174,169,73,21.3,2,23.76,0,1,1,0,0,0,4.47
7,40,69.7,1.51,189,141,64,30.6,2,30.57,1,0,1,0,0,0,3.81
8,28,121.7,1.94,185,127,52,28.9,2,32.34,0,1,0,0,1,0,4.12
9,28,101.8,1.84,169,136,64,29.7,1,30.07,0,1,1,0,0,0,3.24
10,41,120.8,1.67,188,146,54,20.5,1,43.31,0,1,0,1,0,0,1.64
11,53,51.7,1.7,175,152,72,23.6,2,17.89,0,1,0,1,0,0,3.4499999999999997
12,57,112.5,1.61,195,165,61,22.1,2,43.4,0,1,1,0,0,0,3.7199999999999998
13,41,94.5,2.0,179,136,69,27.6,1,23.62,0,1,0,1,0,0,3.54
14,20,117.7,1.81,196,161,54,26.4,2,35.93,0,1,0,0,0,1,4.050000000000001
15,39,42.5,1.75,181,131,52,26.2,1,13.88,1,0,0,0,1,0,2.26
16,19,64.0,1.53,166,167,58,29.8,2,27.34,1,0,0,1,0,0,3.99
17,41,43.8,1.77,182,165,58,31.9,1,13.98,1,0,1,0,0,0,3.57
18,47,66.8,1.75,199,146,56,32.8,2,21.81,1,0,0,0,1,0,3.3899999999999997
19,55,75.2,1.67,188,167,51,25.2,1,26.96,1,0,0,1,0,0,2.74
20,19,89.0,1.77,175,127,72,28.9,2,28.41,0,1,0,0,1,0,6.0
21,38,71.9,1.77,197,142,72,25.7,1,22.95,0,1,1,0,0,0,2.24
22,50,71.0,1.68,187,161,70,33.1,1,25.16,1,0,0,0,0,1,2.34
23,29,120.9,1.78,197,168,65,28.1,1,38.16,0,1,0,0,0,1,1.56
24,39,64.3,1.69,190,148,58,26.9,2,22.51,1,0,0,1,0,0,5.0
25,42,63.7,1.71,173,169,62,26.1,2,21.78,1,0,0,0,0,1,4.26
26,44,65.2,1.8,192,139,68,27.2,1,20.12,0,1,0,1,0,0,1.46
27,59,53.9,1.75,168,135,69,21.6,2,17.6,0,1,0,0,1,0,5.92
28,45,84.9,1.86,186,136,66,14.2,3,24.54,0,1,0,1,0,0,8.2
29,33,78.0,1.68,183,135,55,32.3,2,27.64,1,0,0,1,0,0,3.87
30,32,108.2,1.8,172,138,53,28.4,1,33.4,0,1,0,1,0,0,3.81
31,20,65.4,1.52,185,127,50,28.0,2,28.31,1,0,0,0,0,1,4.12
32,54,50.2,1.61,188,157,67,28.2,1,19.37,1,0,0,1,0,0,2.96
33,24,58.9,1.51,187,157,68,31.7,1,25.83,1,0,1,0,0,0,2.08
34,38,81.4,1.71,187,148,58,10.2,3,27.84,0,1,0,1,0,0,7.6
35,26,127.6,1.73,167,160,62,27.3,1,42.63,0,1,0,0,1,0,3.96
36,56,59.3,1.56,182,155,57,33.4,2,24.37,1,0,1,0,0,0,5.04
37,35,96.9,1.71,188,145,72,24.2,2,33.14,0,1,0,0,1,0,4.0200000000000005
38,21,62.6,1.81,164,150,62,27.6,2,19.11,0,1,0,0,1,0,5.2
39,42,45.5,1.6,166,163,64,21.7,2,17.77,0,1,0,0,1,0,3.93
40,31,48.8,1.51,195,131,60,28.2,1,21.4,1,0,1,0,0,0,2.96
41,26,44.3,1.6,186,136,61,34.7,1,17.3,1,0,1,0,0,0,3.24
42,43,113.2,1.83,161,134,63,29.9,2,33.8,0,1,0,0,0,1,5.8
43,19,60.5,1.59,184,128,53,30.1,1,23.93,1,0,1,0,0,0,2.28
44,37,124.2,1.76,168,158,50,29.3,1,40.1,0,1,0,1,0,0,3.0
45,45,52.4,1.85,186,161,73,25.2,1,15.31,0,1,0,0,1,0,3.5999999999999996
46,24,54.7,1.74,160,167,53,22.9,1,18.07,0,1,0,0,0,1,2.52
47,25,88.1,1.95,182,131,68,22.7,1,23.17,0,1,1,0,0,0,2.82
48,52,59.7,1.71,169,151,58,34.3,1,20.42,1,0,0,0,1,0,3.69
49,31,79.7,1.54,184,144,59,26.7,2,33.61,1,0,1,0,0,0,4.12
50,34,51.0,1.62,162,158,53,30.8,2,19.43,1,0,0,0,0,1,4.26
51,53,84.2,1.76,165,137,69,12.8,3,27.18,0,1,1,0,0,0,8.35
52,57,122.1,1.89,165,134,58,27.4,1,34.18,0,1,1,0,0,0,3.3899999999999997
53,21,96.7,1.72,161,151,62,25.0,1,32.69,0,1,0,0,1,0,3.7800000000000002
54,19,73.0,1.79,177,125,61,27.7,1,22.78,1,0,0,1,0,0,2.43
55,23,114.8,1.6,182,163,60,21.7,2,44.84,0,1,1,0,0,0,5.88
56,59,65.5,1.52,161,162,61,31.2,2,28.35,1,0,0,0,0,1,4.199999999999999
57,21,50.3,1.52,171,154,67,32.2,1,21.77,1,0,1,0,0,0,3.24
58,46,61.0,1.71,181,153,61,17.8,3,20.86,1,0,1,0,0,0,6.68
59,35,44.6,1.62,196,157,65,32.4,1,16.99,1,0,0,1,0,0,1.12
60,43,58.2,1.61,179,124,54,26.4,2,22.45,1,0,0,0,1,0,3.12
61,51,44.8,1.63,198,137,69,33.8,2,16.86,1,0,0,0,0,1,4.32
62,27,87.5,1.63,183,135,74,12.9,3,32.93,0,1,0,0,1,0,8.75
63,53,51.8,1.74,179,127,61,21.3,2,17.11,0,1,0,0,1,0,3.69
64,31,64.4,1.7,160,144,70,17.3,3,22.28,1,0,0,0,1,0,9.85
65,48,67.1,1.61,160,151,74,33.4,1,25.89,1,0,1,0,0,0,1.24
66,32,85.9,1.6,176,145,60,14.5,3,33.55,0,1,0,1,0,0,9.95
67,25,65.4,1.77,160,141,58,27.6,1,20.88,1,0,1,0,0,0,2.67
68,31,61.1,1.76,189,150,67,18.6,3,19.72,1,0,0,0,0,1,7.24
69,40,106.5,1.65,162,162,74,21.0,2,39.12,0,1,0,1,0,0,5.28
70,57,64.0,1.52,170,129,52,15.2,3,27.7,1,0,0,0,1,0,8.65
71,38,61.4,1.54,183,131,69,30.6,2,25.89,1,0,0,1,0,0,4.41
72,33,40.5,1.63,181,147,66,31.9,2,15.24,1,0,0,0,0,1,4.28
73,35,70.1,1.79,185,125,63,28.0,2,21.88,0,1,1,0,0,0,3.24
74,41,94.1,1.62,172,139,50,23.4,2,35.86,0,1,1,0,0,0,4.52
75,43,55.5,1.82,160,124,66,20.1,1,16.76,0,1,0,0,1,0,3.24
76,42,53.7,1.72,183,142,74,29.8,1,18.15,1,0,1,0,0,0,4.11
77,58,66.1,1.75,169,128,57,25.2,1,21.58,1,0,1,0,0,0,1.26
78,46,103.9,1.77,194,148,54,20.9,1,33.16,0,1,0,0,0,1,2.36
79,32,61.7,1.58,183,135,54,16.6,3,24.72,1,0,0,1,0,0,9.350000000000001
80,18,52.3,1.74,187,165,58,29.4,1,17.27,1,0,1,0,0,0,2.4
81,42,59.5,1.74,195,141,52,16.4,3,19.65,1,0,0,0,0,1,8.9
82,24,72.9,1.76,175,127,68,30.8,1,23.53,1,0,0,0,0,1,2.58
83,26,76.7,1.63,199,139,72,25.6,1,28.87,1,0,0,0,1,0,2.16
84,41,72.1,1.83,175,133,58,21.4,2,21.53,0,1,0,0,0,1,3.3899999999999997
85,18,54.8,1.68,176,158,71,32.0,2,19.42,1,0,0,0,1,0,5.08
86,25,105.0,1.88,174,156,67,21.4,2,29.71,0,1,1,0,0,0,4.0200000000000005
87,41,55.0,1.55,175,169,65,31.4,2,22.89,1,0,0,0,1,0,5.8
88,28,81.6,1.66,174,153,50,20.5,2,29.61,0,1,0,0,0,1,4.36
89,34,75.6,1.6,193,130,51,29.1,1,29.53,1,0,0,1,0,0,1.28
90,25,81.5,1.61,170,159,63,10.9,3,31.44,0,1,0,1,0,0,7.72
91,52,61.5,1.69,160,152,63,15.5,3,21.53,1,0,1,0,0,0,7.2
92,52,74.0,1.63,174,150,50,25.7,2,27.85,0,1,1,0,0,0,3.7800000000000002
93,50,56.4,1.59,185,163,74,34.3,1,22.31,1,0,0,1,0,0,3.7800000000000002
94,22,102.6,1.84,163,153,65,20.5,2,30.3,0,1,0,0,1,0,3.75
95,59,54.6,1.57,164,169,64,29.2,1,22.15,1,0,1,0,0,0,1.7399999999999998
96,56,129.0,1.78,194,126,64,27.1,1,40.71,0,1,0,0,0,1,2.58
97,58,103.5,1.66,172,168,61,24.6,1,37.56,0,1,1,0,0,0,3.99
98,45,59.4,1.51,169,142,65,33.1,2,26.05,1,0,0,0,1,0,4.6
99,24,60.1,1.79,170,165,63,15.9,3,18.76,1,0,1,0,0,0,7.88
100,26,77.7,1.62,177,126,73,29.6,2,29.61,0,1,0,0,0,1,3.4799999999999995
101,25,41.2,1.62,193,144,64,28.9,2,15.7,1,0,0,0,0,1,5.96
102,29,58.6,1.61,198,122,72,23.4,2,22.61,0,1,0,0,0,1,3.5999999999999996
103,51,109.3,1.78,182,157,64,28.7,1,34.5,0,1,0,0,1,0,1.62
104,50,69.6,1.96,166,139,68,25.6,1,18.12,0,1,0,0,1,0,2.91
105,40,56.2,1.79,198,153,57,17.6,3,17.54,1,0,0,0,0,1,8.95
106,41,71.7,1.96,162,168,51,27.3,1,18.66,0,1,0,0,0,1,1.02
107,54,86.0,1.93,171,163,51,12.9,3,23.09,0,1,0,0,1,0,8.7
108,52,79.4,1.59,166,163,59,26.6,2,31.41,1,0,0,0,1,0,4.17
109,57,78.4,1.62,185,149,52,31.7,2,29.87,1,0,0,0,1,0,4.04
110,39,55.4,1.6,192,136,72,26.3,2,21.64,1,0,0,1,0,0,4.32
111,44,61.7,1.55,196,129,66,33.1,2,25.68,1,0,0,0,1,0,5.64
112,52,85.5,1.82,174,154,57,14.9,3,25.81,0,1,0,0,0,1,7.12
113,18,87.6,1.93,161,139,72,11.9,3,23.52,0,1,0,1,0,0,6.88
114,52,82.4,1.72,166,137,53,24.4,2,27.85,0,1,0,0,1,0,4.04
115,54,67.0,1.68,191,164,63,20.5,1,23.74,0,1,0,0,0,1,1.6500000000000001
116,31,42.3,1.6,163,163,70,25.1,2,16.52,1,0,1,0,0,0,3.2700000000000005
117,20,82.7,1.99,179,146,59,14.6,3,20.88,0,1,0,1,0,0,8.45
118,18,92.4,1.74,195,168,50,21.3,1,30.52,0,1,0,0,0,1,2.82
119,22,63.2,1.54,191,155,53,29.5,2,26.65,1,0,1,0,0,0,4.08
120,43,82.7,1.85,187,142,50,28.2,2,24.16,0,1,0,0,0,1,4.88
121,31,86.6,1.76,172,151,66,28.9,2,27.96,0,1,0,0,1,0,3.87
122,56,129.5,1.95,160,129,66,25.2,1,34.06,0,1,0,0,1,0,2.0
123,44,98.0,1.83,194,130,56,25.7,2,29.26,0,1,1,0,0,0,5.12
124,26,86.2,1.68,189,157,72,13.3,3,30.54,0,1,0,0,1,0,9.85
125,32,78.6,1.62,195,125,69,29.6,1,29.95,0,1,0,0,0,1,3.84
126,32,59.0,1.66,184,160,64,31.0,1,21.41,1,0,1,0,0,0,1.02
127,43,57.3,1.79,175,166,62,17.8,3,17.88,1,0,0,0,0,1,7.92
128,59,122.3,1.89,178,153,51,20.1,1,34.24,0,1,0,0,0,1,1.98
129,30,85.3,1.95,160,155,68,10.4,3,22.43,0,1,0,0,0,1,8.05
130,49,45.2,1.74,164,156,73,30.8,2,14.93,1,0,0,0,1,0,3.7199999999999998
131,56,55.6,1.92,181,136,62,29.4,1,15.08,0,1,0,0,1,0,2.04
132,49,82.8,1.95,183,159,73,14.3,3,21.78,0,1,0,0,0,1,9.549999999999999
133,21,125.2,1.66,196,159,60,29.8,2,45.43,0,1,0,1,0,0,4.14
134,47,58.5,1.79,195,131,71,30.3,2,18.26,1,0,0,0,0,1,5.68
135,54,86.1,1.95,195,140,64,27.9,1,22.64,0,1,0,0,0,1,2.34
136,40,63.5,1.61,163,159,59,33.4,2,24.5,1,0,1,0,0,0,3.93
137,56,69.3,1.68,195,138,58,26.5,1,24.55,0,1,0,0,0,1,1.32
138,32,70.5,1.62,177,122,58,28.4,1,26.86,1,0,0,0,1,0,2.48
139,46,60.1,1.65,175,137,69,17.3,3,22.08,1,0,1,0,0,0,6.76
140,53,94.1,1.95,177,138,50,28.6,1,24.75,0,1,0,1,0,0,2.67
141,30,79.2,1.62,181,166,66,28.0,2,30.18,1,0,1,0,0,0,5.04
142,49,115.3,1.91,161,125,61,29.2,1,31.61,0,1,0,1,0,0,2.76
143,24,62.9,1.79,180,135,59,27.3,2,19.63,1,0,1,0,0,0,5.68
144,39,62.0,1.64,195,127,54,27.5,1,23.05,0,1,1,0,0,0,2.91
145,45,88.5,1.78,198,167,67,13.2,3,27.93,0,1,0,1,0,0,6.12
146,19,73.9,1.77,198,137,64,32.5,2,23.59,1,0,0,0,1,0,3.84
147,59,50.3,1.95,188,167,55,24.4,1,13.23,0,1,0,0,1,0,3.21
148,23,83.1,1.8,185,162,56,29.3,1,25.65,0,1,0,0,1,0,2.0999999999999996
149,45,65.1,1.78,180,158,66,31.3,1,20.55,1,0,1,0,0,0,4.38
150,45,46.6,1.79,176,168,55,22.9,2,14.54,0,1,0,0,0,1,4.38
151,37,103.5,1.89,175,168,57,26.4,1,28.97,0,1,1,0,0,0,1.08
152,47,61.9,1.54,190,131,61,16.4,3,26.1,1,0,0,0,0,1,7.8
153,28,52.0,1.61,168,164,70,27.9,2,20.06,1,0,0,0,0,1,3.96
154,45,113.4,1.71,190,129,63,24.0,1,38.78,0,1,0,0,1,0,1.66
155,42,62.9,1.98,173,126,61,28.5,2,16.04,0,1,0,0,0,1,5.68
156,56,40.4,1.8,196,165,72,30.0,2,12.47,1,0,1,0,0,0,4.92
157,50,67.1,1.75,161,120,59,31.8,1,21.91,1,0,1,0,0,0,2.0100000000000002
158,18,70.0,1.61,173,168,71,23.9,1,27.01,0,1,0,0,1,0,2.6
159,44,69.5,1.75,192,155,69,27.6,1,22.69,1,0,0,1,0,0,3.06
160,30,107.9,1.66,194,140,64,29.5,2,39.16,0,1,1,0,0,0,3.24
161,58,109.0,1.91,198,156,56,26.0,2,29.88,0,1,0,0,0,1,4.47
162,20,101.0,1.91,179,143,58,29.3,2,27.69,0,1,1,0,0,0,4.08
163,56,88.5,1.85,161,144,59,11.0,3,25.86,0,1,1,0,0,0,6.28
164,23,80.9,1.8,178,126,59,10.7,3,24.97,0,1,1,0,0,0,6.2
165,25,43.1,1.62,196,161,65,33.6,2,16.42,1,0,0,1,0,0,4.16
166,44,59.1,1.52,177,136,56,18.4,3,25.58,1,0,0,0,0,1,7.9
167,26,54.0,1.53,175,148,54,26.9,1,23.07,1,0,0,0,1,0,3.42
168,54,72.3,1.78,163,149,72,27.7,1,22.82,1,0,1,0,0,0,2.54
169,50,51.1,1.98,171,126,52,28.0,1,13.03,0,1,0,0,0,1,1.84
170,59,89.4,1.72,188,152,67,24.5,1,30.22,0,1,0,0,0,1,3.24
171,41,51.5,1.8,166,126,60,26.7,2,15.9,0,1,0,0,1,0,4.36
172,32,87.9,1.88,173,143,64,11.6,3,24.87,0,1,1,0,0,0,7.6
173,49,42.0,1.52,171,130,70,28.8,1,18.18,1,0,0,1,0,0,3.3000000000000003
174,49,79.2,1.72,194,128,69,29.9,1,26.77,0,1,0,0,0,1,4.38
175,41,64.8,1.71,164,131,54,22.5,2,22.16,0,1,0,0,1,0,3.5999999999999996
176,58,63.0,1.78,176,154,73,17.5,3,19.88,1,0,0,1,0,0,6.32
177,29,56.2,1.77,191,123,61,33.4,1,17.94,1,0,0,0,0,1,2.04
178,56,52.9,1.64,169,155,53,27.4,2,19.67,1,0,1,0,0,0,3.3000000000000003
179,19,49.0,1.69,176,147,64,29.2,1,17.16,1,0,0,0,0,1,3.1500000000000004
180,20,128.2,1.84,164,132,58,26.2,1,37.87,0,1,0,1,0,0,2.4899999999999998
181,54,83.6,1.86,168,142,56,12.4,3,24.16,0,1,0,1,0,0,7.7
182,34,56.2,1.77,192,138,59,17.3,3,17.94,1,0,1,0,0,0,9.05
183,19,87.8,1.78,195,161,72,23.6,1,27.71,0,1,1,0,0,0,2.56
184,19,85.9,1.85,195,156,62,12.9,3,25.1,0,1,0,0,1,0,6.64
185,45,51.1,1.87,177,158,57,26.2,2,14.61,0,1,1,0,0,0,5.76
186,40,57.4,1.71,168,143,61,18.3,3,19.63,1,0,0,0,1,0,9.350000000000001
187,54,114.9,1.92,188,135,71,20.7,2,31.17,0,1,0,1,0,0,4.8
188,49,62.1,1.66,173,152,73,31.3,2,22.54,1,0,0,1,0,0,4.11
189,50,57.1,1.91,184,131,68,29.5,2,15.65,0,1,0,0,0,1,4.36
190,18,68.1,1.8,174,153,50,25.4,2,21.02,0,1,0,0,0,1,4.4
191,36,69.2,1.65,165,126,65,27.2,1,25.42,0,1,0,0,1,0,3.69
192,19,65.2,1.52,188,130,71,30.6,1,28.22,1,0,1,0,0,0,3.69
193,43,108.6,1.73,174,150,66,28.5,1,36.29,0,1,1,0,0,0,2.66
194,49,40.0,1.65,188,148,74,34.3,2,14.69,1,0,0,0,0,1,3.09
195,23,41.9,1.58,163,132,67,26.8,1,16.78,1,0,0,1,0,0,1.6800000000000002
196,49,68.3,1.52,177,150,60,29.4,2,29.56,1,0,0,0,1,0,5.8
197,21,88.4,1.6,198,121,67,12.0,3,34.53,0,1,0,1,0,0,6.84
198,28,66.0,1.9,175,158,56,24.1,1,18.28,0,1,0,1,0,0,3.54
199,34,71.9,1.64,170,134,67,21.3,2,26.73,0,1,1,0,0,0,5.04
200,55,75.6,1.71,173,130,57,28.1,2,25.85,0,1,0,0,1,0,4.12
201,41,63.4,1.59,162,153,55,15.2,3,25.08,1,0,0,1,0,0,9.200000000000001
202,22,71.6,1.77,197,158,56,30.3,1,22.85,1,0,0,0,0,1,4.47
203,51,57.4,1.77,177,123,72,31.6,2,18.32,1,0,0,0,0,1,4.32
204,23,83.8,1.99,179,130,71,11.0,3,21.16,0,1,1,0,0,0,7.16
205,39,55.9,1.71,184,148,59,19.5,3,19.12,1,0,0,0,0,1,9.75
206,28,87.0,1.76,197,121,60,28.4,2,28.09,0,1,0,0,0,1,3.5999999999999996
207,33,65.3,1.71,172,135,74,29.7,2,22.33,1,0,0,1,0,0,4.72
208,50,45.4,1.67,163,158,62,24.1,2,16.28,0,1,0,0,0,1,5.48
209,26,87.1,1.87,173,132,58,11.2,3,24.91,0,1,0,0,0,1,6.84
210,23,78.6,1.73,192,156,56,32.3,2,26.26,1,0,0,1,0,0,5.88
211,33,78.0,1.71,187,136,58,26.3,1,26.67,1,0,1,0,0,0,3.24
212,46,58.0,1.53,196,140,62,18.4,3,24.78,1,0,1,0,0,0,7.32
213,20,71.3,1.69,167,163,52,33.4,2,24.96,1,0,0,0,1,0,3.84
214,37,49.1,1.74,193,138,52,22.3,2,16.22,0,1,0,0,0,1,3.33
215,53,78.3,1.65,164,126,50,33.7,1,28.76,1,0,0,1,0,0,3.7199999999999998
216,36,57.3,1.64,164,157,70,25.3,2,21.3,1,0,0,0,1,0,4.52
217,43,48.4,1.61,190,127,69,34.1,1,18.67,1,0,1,0,0,0,2.56
218,20,76.4,1.62,168,132,51,21.2,2,29.11,0,1,1,0,0,0,5.4
219,36,110.2,1.77,191,156,74,26.5,1,35.18,0,1,0,1,0,0,2.38
220,37,72.9,1.76,192,121,52,27.5,2,23.53,1,0,0,0,1,0,3.63
221,49,82.1,1.86,162,160,64,14.2,3,23.73,0,1,0,0,1,0,7.48
222,24,58.9,1.76,189,130,73,30.1,1,19.01,1,0,0,1,0,0,1.8900000000000001
223,58,82.2,1.87,171,143,55,10.7,3,23.51,0,1,0,1,0,0,6.28
224,50,96.7,1.72,188,125,62,25.7,2,32.69,0,1,0,0,1,0,4.38
225,57,81.4,1.86,162,145,70,12.0,3,23.53,0,1,1,0,0,0,9.0
226,56,107.8,1.73,185,126,50,26.6,2,36.02,0,1,0,0,0,1,3.2700000000000005
227,35,65.8,1.62,189,158,69,33.8,2,25.07,1,0,1,0,0,0,4.0
228,57,68.5,1.56,168,138,68,29.1,2,28.15,1,0,0,1,0,0,5.8
229,18,63.9,1.59,185,125,50,16.4,3,25.28,1,0,0,0,1,0,7.48
230,28,76.3,1.62,161,162,70,20.1,2,29.07,0,1,0,0,1,0,3.4799999999999995
231,45,44.5,1.65,162,148,71,30.7,1,16.35,1,0,0,0,0,1,4.32
232,42,50.7,1.75,163,162,51,29.0,2,16.56,1,0,0,0,1,0,3.87
233,40,55.1,1.61,184,158,64,16.9,3,21.26,1,0,0,0,0,1,6.2
234,48,73.7,1.61,172,121,63,21.8,2,28.43,0,1,1,0,0,0,5.44
235,47,55.6,1.77,198,138,68,24.3,2,17.75,0,1,1,0,0,0,4.8
236,59,86.9,1.76,194,123,60,29.8,2,28.05,0,1,0,0,1,0,3.3899999999999997
237,52,60.3,1.68,182,125,64,16.5,3,21.36,1,0,0,0,1,0,6.4
238,24,40.4,1.64,168,168,55,31.0,1,15.02,1,0,0,1,0,0,1.98
239,33,78.5,1.66,161,156,69,32.8,2,28.49,1,0,0,1,0,0,5.16
240,43,102.6,1.72,190,147,58,27.5,1,34.68,0,1,0,0,1,0,1.64
241,19,110.8,1.91,161,149,54,23.3,1,30.37,0,1,0,0,1,0,2.62
242,18,60.9,1.79,191,126,69,31.1,1,19.01,1,0,1,0,0,0,2.22
243,29,55.7,1.61,177,128,51,28.7,1,21.49,0,1,0,0,1,0,4.2299999999999995
244,22,110.5,1.92,172,144,55,20.2,2,29.98,0,1,0,1,0,0,3.4799999999999995
245,54,55.2,1.71,164,152,67,24.4,1,18.88,0,1,1,0,0,0,1.54
246,49,46.5,1.72,169,120,72,22.2,2,15.72,0,1,0,0,0,1,5.6
247,26,70.9,1.66,184,125,68,28.9,1,25.73,1,0,0,1,0,0,2.43
248,58,74.6,1.75,193,137,58,24.2,1,24.36,0,1,0,1,0,0,2.18
249,52,45.1,1.72,196,129,70,27.5,1,15.24,0,1,1,0,0,0,1.86
250,36,99.9,1.99,189,147,73,20.9,1,25.23,0,1,0,0,0,1,3.99
251,33,117.0,1.61,166,130,55,25.1,2,45.14,0,1,0,1,0,0,3.12
252,20,75.9,1.73,165,152,63,30.6,2,25.36,1,0,0,0,1,0,5.56
253,37,71.2,1.64,162,120,73,29.9,2,26.47,1,0,0,1,0,0,3.33
254,41,78.8,1.72,172,132,62,27.3,2,26.64,0,1,1,0,0,0,4.04
255,50,50.6,1.69,162,156,60,23.8,1,17.72,0,1,1,0,0,0,2.62
256,41,82.5,1.79,185,139,61,14.7,3,25.75,0,1,1,0,0,0,6.76
257,28,108.5,1.79,183,120,68,24.8,2,33.86,0,1,0,1,0,0,5.32
258,25,49.9,1.98,165,122,68,25.7,2,12.73,0,1,0,0,0,1,3.4499999999999997
259,53,125.1,1.91,171,137,70,28.3,1,34.29,0,1,0,0,1,0,1.04
260,55,79.7,1.66,195,160,68,27.8,1,28.92,1,0,1,0,0,0,2.12
261,57,126.8,1.63,161,133,73,20.8,1,47.72,0,1,0,0,0,1,1.92
262,37,54.6,1.57,170,150,62,32.1,1,22.15,1,0,0,0,1,0,3.93
263,52,47.8,1.54,198,146,63,29.8,2,20.16,1,0,1,0,0,0,4.0200000000000005
264,42,97.9,1.91,193,136,73,29.0,2,26.84,0,1,0,0,1,0,3.0300000000000002
265,52,63.1,1.54,185,165,67,34.8,2,26.61,1,0,0,0,1,0,4.08
266,42,72.4,1.69,177,148,61,29.0,2,25.35,1,0,0,0,0,1,3.21
267,46,58.9,1.7,180,155,53,17.1,3,20.38,1,0,0,0,1,0,6.08
268,35,50.4,1.6,195,156,59,29.1,2,19.69,1,0,1,0,0,0,4.12
269,35,64.2,1.59,199,145,66,16.6,3,25.39,1,0,0,0,0,1,8.149999999999999
270,19,58.8,1.77,181,136,53,32.8,1,18.77,1,0,0,1,0,0,2.8
271,52,105.2,1.62,189,141,61,27.6,1,40.09,0,1,0,1,0,0,4.08
272,33,45.9,1.5,189,144,62,29.8,1,20.4,1,0,0,0,0,1,2.7600000000000002
273,58,65.2,1.63,167,121,53,25.4,2,24.54,1,0,0,1,0,0,3.3600000000000003
274,53,56.3,1.79,193,141,59,16.5,3,17.57,1,0,0,0,1,0,7.6
275,50,90.0,1.7,168,124,74,22.9,1,31.14,0,1,1,0,0,0,1.62
276,21,60.0,1.7,179,123,52,19.1,3,20.76,1,0,0,0,1,0,9.85
277,50,51.5,1.71,199,155,64,20.9,1,17.61,0,1,0,0,0,1,2.96
278,31,63.1,1.64,184,125,51,19.0,3,23.46,1,0,1,0,0,0,6.16
279,38,91.5,1.77,178,140,74,26.7,1,29.21,0,1,0,0,0,1,1.6
280,37,48.7,1.67,164,132,74,27.3,1,17.46,0,1,0,0,0,1,2.78
281,25,57.8,1.56,170,156,66,29.3,2,23.75,1,0,0,0,0,1,4.050000000000001
282,24,42.0,1.75,174,144,55,31.8,1,13.71,1,0,0,0,1,0,2.4899999999999998
283,20,128.4,1.92,167,145,57,26.1,1,34.83,0,1,1,0,0,0,1.26
284,34,74.2,1.57,178,158,52,32.7,1,30.1,1,0,1,0,0,0,4.41
285,50,89.6,1.68,182,139,74,12.2,3,31.75,0,1,1,0,0,0,8.95
286,29,125.9,2.0,186,152,67,24.7,2,31.48,0,1,0,0,1,0,5.44
287,39,105.5,1.99,199,133,71,26.4,1,26.64,0,1,0,1,0,0,1.62
288,39,93.4,1.7,191,155,50,21.1,2,32.32,0,1,0,0,1,0,4.4
289,47,82.1,1.84,185,136,65,24.4,2,24.25,0,1,0,0,1,0,5.48
290,55,42.9,1.69,186,140,56,34.7,1,15.02,1,0,0,0,0,1,1.8
291,55,128.4,1.68,178,165,52,20.4,2,45.49,0,1,1,0,0,0,4.52
292,25,112.4,1.96,188,135,72,23.2,1,29.26,0,1,1,0,0,0,2.84
293,44,77.7,1.79,198,165,53,28.1,1,24.25,1,0,0,1,0,0,4.2299999999999995
294,44,89.3,1.99,192,135,58,26.3,2,22.55,0,1,0,1,0,0,5.6
295,51,70.3,1.55,178,139,54,26.1,1,29.26,1,0,0,0,0,1,4.199999999999999
296,38,59.1,1.72,196,148,68,31.3,2,19.98,1,0,1,0,0,0,3.21
297,47,49.9,1.69,178,147,64,26.0,2,17.47,1,0,0,1,0,0,4.4399999999999995
298,50,101.7,1.67,192,127,57,20.9,1,36.47,0,1,0,1,0,0,1.06
299,45,93.0,1.91,175,143,55,27.3,2,25.49,0,1,1,0,0,0,3.09
300,50,87.4,1.6,182,122,67,23.2,1,34.14,0,1,0,0,1,0,1.54
301,22,55.1,1.61,166,144,68,19.9,3,21.26,1,0,0,1,0,0,6.48
302,36,123.7,1.69,185,138,73,20.4,2,43.31,0,1,1,0,0,0,5.2
303,21,61.3,1.57,191,152,64,17.2,3,24.87,1,0,0,1,0,0,7.76
304,52,72.3,1.94,171,121,56,21.1,2,19.21,0,1,0,0,0,1,4.38
305,34,69.2,1.53,167,134,59,28.5,1,29.56,1,0,0,1,0,0,2.72
306,45,81.4,1.61,164,141,55,30.0,2,31.4,0,1,1,0,0,0,4.56
307,47,84.8,1.86,187,129,63,14.4,3,24.51,0,1,0,1,0,0,9.25
308,46,55.1,1.72,164,137,66,20.5,2,18.62,0,1,0,0,0,1,4.29
309,23,59.0,1.78,185,141,58,17.8,3,18.62,1,0,0,0,0,1,8.35
310,52,64.9,1.51,164,165,68,18.2,3,28.46,1,0,0,1,0,0,7.32
311,58,109.7,1.75,181,168,54,22.1,1,35.82,0,1,0,1,0,0,2.02
312,54,78.4,1.9,174,146,72,21.5,1,21.72,0,1,0,0,0,1,1.62
313,41,76.7,1.79,172,132,56,34.0,2,23.94,1,0,0,0,0,1,5.6
314,46,63.1,1.61,187,152,68,34.7,2,24.34,1,0,0,0,1,0,4.0
315,48,62.9,1.58,192,124,69,20.0,3,25.2,1,0,0,0,1,0,7.92
316,52,85.6,1.74,182,145,56,13.9,3,28.27,0,1,0,0,0,1,7.36
317,50,66.3,1.57,192,132,73,31.6,1,26.9,1,0,0,1,0,0,2.5
318,38,61.3,1.97,177,146,51,23.5,1,15.8,0,1,1,0,0,0,4.11
319,49,44.1,1.65,189,133,74,26.7,2,16.2,1,0,0,1,0,0,4.64
320,40,63.8,1.62,185,143,72,20.8,1,24.31,0,1,0,1,0,0,2.6
321,50,55.4,1.55,175,122,65,18.5,3,23.06,1,0,0,0,1,0,7.4
322,20,74.7,1.58,172,166,62,32.8,2,29.92,1,0,0,0,1,0,3.12
323,35,78.0,1.67,198,168,57,33.3,2,27.97,1,0,0,0,1,0,4.52
324,42,57.5,1.67,192,149,55,34.1,1,20.62,1,0,0,0,0,1,2.28
325,59,60.7,1.73,185,154,55,33.8,2,20.28,1,0,0,0,0,1,3.09
326,48,69.0,1.74,160,167,58,30.0,2,22.79,0,1,0,1,0,0,4.4399999999999995
327,20,75.8,1.78,197,133,53,27.4,2,23.92,1,0,0,1,0,0,5.68
328,57,75.7,1.63,161,131,60,32.6,1,28.49,1,0,1,0,0,0,2.07
329,41,71.2,1.64,165,147,54,30.9,2,26.47,1,0,0,1,0,0,4.26
330,49,85.0,1.68,197,163,74,11.3,3,30.12,0,1,0,1,0,0,7.28
331,39,63.6,1.56,183,148,66,34.8,1,26.13,1,0,0,0,1,0,2.44
332,40,73.2,1.94,177,162,69,29.0,1,19.45,0,1,0,0,1,0,1.62
333,19,48.3,1.52,186,136,56,26.3,1,20.91,1,0,0,0,1,0,1.92
334,44,42.8,1.78,167,159,64,25.3,2,13.51,1,0,0,0,1,0,4.47
335,59,88.1,1.76,187,168,74,26.9,2,28.44,0,1,0,0,1,0,4.050000000000001
336,19,72.4,1.75,169,140,64,31.0,2,23.64,1,0,1,0,0,0,4.8
337,43,73.2,1.88,176,142,63,29.4,1,20.71,0,1,1,0,0,0,3.51
338,34,110.5,1.86,188,139,62,22.3,1,31.94,0,1,1,0,0,0,2.84
339,57,46.1,1.76,165,130,60,25.8,2,14.88,1,0,0,0,1,0,4.32
340,50,90.8,1.71,173,153,62,22.6,2,31.05,0,1,0,0,0,1,4.28
341,26,59.3,1.51,181,129,71,15.1,3,26.01,1,0,0,0,1,0,8.5
342,56,45.1,1.73,165,129,73,25.4,1,15.07,1,0,0,0,1,0,2.4899999999999998
343,46,45.0,1.77,185,162,58,29.1,2,14.36,0,1,1,0,0,0,4.4399999999999995
344,59,89.4,1.62,198,125,59,23.5,2,34.06,0,1,0,0,1,0,4.29
345,43,127.7,1.69,171,155,53,24.1,2,44.71,0,1,1,0,0,0,3.42
346,52,70.9,1.72,194,143,66,20.2,2,23.97,0,1,0,0,1,0,3.93
347,42,49.2,1.5,173,131,63,27.7,2,21.87,1,0,0,1,0,0,3.4499999999999997
348,41,62.3,1.79,181,162,73,19.0,3,19.44,1,0,0,0,0,1,9.95
349,30,64.1,1.87,182,142,67,26.2,1,18.33,0,1,0,0,0,1,1.28
350,24,69.7,1.75,166,146,60,32.5,1,22.76,1,0,1,0,0,0,4.2299999999999995
351,53,56.9,1.59,199,164,65,29.5,2,22.51,1,0,0,1,0,0,4.47
352,37,53.0,1.71,184,156,50,28.1,2,18.13,1,0,0,0,0,1,4.52
353,18,72.7,1.55,172,125,56,29.8,1,30.26,1,0,1,0,0,0,2.52
354,25,76.5,1.96,180,120,59,23.2,1,19.91,0,1,0,0,1,0,2.0100000000000002
355,33,113.6,1.99,169,125,58,28.4,1,28.69,0,1,0,0,1,0,2.76
356,31,62.5,1.62,168,169,74,16.5,3,23.81,1,0,0,1,0,0,6.24
357,29,95.2,1.86,174,141,52,26.6,1,27.52,0,1,0,0,0,1,1.28
358,40,51.7,1.82,161,160,71,21.4,1,15.61,0,1,0,0,1,0,2.7
359,32,105.3,1.67,184,143,72,26.9,1,37.76,0,1,1,0,0,0,1.71
360,45,71.2,1.68,172,144,63,34.1,1,25.23,1,0,0,0,1,0,4.11
361,51,78.1,1.51,193,134,74,31.1,1,34.25,1,0,0,0,1,0,2.7600000000000002
362,19,50.6,1.68,193,145,64,30.6,2,17.93,1,0,0,0,0,1,3.63
363,49,70.2,1.89,194,127,51,29.6,1,19.65,0,1,0,0,0,1,2.0999999999999996
364,40,62.6,1.53,197,143,73,18.1,3,26.74,1,0,1,0,0,0,9.65
365,39,60.6,1.65,162,167,63,27.6,1,22.26,1,0,0,1,0,0,2.7600000000000002
366,42,76.4,1.97,165,157,65,22.9,2,19.69,0,1,0,1,0,0,3.42
367,39,63.3,1.71,178,125,56,18.5,3,21.65,1,0,0,0,1,0,7.52
368,39,68.6,1.64,162,154,53,32.4,2,25.51,1,0,1,0,0,0,3.99
369,59,123.3,1.88,177,161,67,23.0,2,34.89,0,1,0,1,0,0,5.2
370,23,107.0,1.94,198,120,73,23.5,1,28.43,0,1,0,1,0,0,2.7
371,32,68.3,1.92,168,165,54,29.9,1,18.53,0,1,0,0,1,0,2.84
372,54,47.8,1.6,171,155,55,26.0,2,18.67,1,0,1,0,0,0,4.76
373,50,58.4,1.79,164,131,56,17.0,3,18.23,1,0,0,1,0,0,6.4
374,25,74.3,1.71,162,157,64,25.6,2,25.41,1,0,0,0,0,1,4.29
375,22,106.8,1.82,170,130,50,28.2,2,32.24,0,1,0,0,0,1,4.0
376,56,125.5,1.8,189,131,73,20.9,2,38.73,0,1,0,0,1,0,5.04
377,21,55.2,1.55,163,161,53,31.7,2,22.98,1,0,0,0,1,0,5.48
378,23,71.4,1.72,164,169,74,25.6,1,24.13,1,0,0,0,1,0,2.5
379,49,77.7,1.61,160,158,50,26.7,2,29.98,0,1,0,0,1,0,3.09
380,47,88.4,1.6,186,126,60,14.2,3,34.53,0,1,0,1,0,0,9.3
381,52,104.8,1.99,187,130,67,24.0,1,26.46,0,1,1,0,0,0,1.86
382,57,82.2,1.69,188,155,63,25.2,2,28.78,0,1,0,0,1,0,4.6
383,33,68.2,1.75,177,150,71,29.0,1,22.27,1,0,0,0,1,0,1.7
384,30,91.4,1.99,171,152,60,23.0,2,23.08,0,1,0,1,0,0,4.11
385,59,42.1,1.65,172,132,59,33.0,1,15.46,1,0,0,0,1,0,2.44
386,47,68.7,1.76,161,137,66,27.7,2,22.18,1,0,0,0,1,0,4.11
387,36,47.2,1.74,196,160,53,32.2,2,15.59,1,0,1,0,0,0,6.0
388,34,92.0,1.76,175,143,73,22.1,1,29.7,0,1,0,0,0,1,2.19
389,36,56.2,1.95,183,128,64,22.5,2,14.78,0,1,0,0,1,0,4.36
390,45,58.4,1.72,194,150,65,23.4,2,19.74,0,1,0,1,0,0,5.24
391,43,82.9,1.95,181,160,70,12.9,3,21.8,0,1,1,0,0,0,9.5
392,54,66.9,1.74,195,129,62,29.5,1,22.1,1,0,0,1,0,0,2.48
393,43,66.3,1.85,170,121,58,27.5,1,19.37,0,1,1,0,0,0,2.36
394,40,93.6,1.93,188,157,60,22.1,1,25.13,0,1,1,0,0,0,4.14
395,26,64.1,1.5,194,134,60,15.1,3,28.49,1,0,0,0,1,0,9.65
396,29,86.7,1.62,174,122,55,13.9,3,33.04,0,1,0,0,1,0,6.08
397,18,62.0,1.59,190,162,50,33.2,2,24.52,1,0,0,0,1,0,4.92
398,18,58.1,1.61,175,150,71,15.3,3,22.41,1,0,0,0,0,1,7.6
399,51,64.9,1.6,169,125,55,31.1,2,25.35,1,0,0,0,0,1,5.96
400,49,69.3,1.62,191,122,62,28.8,2,26.41,1,0,0,1,0,0,4.56
401,42,42.7,1.74,161,130,71,32.9,1,14.1,1,0,0,0,1,0,3.12
402,57,51.4,1.63,183,134,73,33.7,2,19.35,1,0,0,0,0,1,4.8
403,18,67.4,1.6,182,164,71,33.5,1,26.33,1,0,0,0,1,0,1.7999999999999998
404,33,55.6,1.61,161,147,54,18.9,3,21.45,1,0,0,0,0,1,7.08
405,56,125.3,1.86,197,129,64,22.7,2,36.22,0,1,0,0,0,1,3.0
406,22,102.1,1.85,190,157,67,28.1,2,29.83,0,1,1,0,0,0,5.92
407,39,61.9,1.77,199,166,69,25.3,1,19.76,0,1,0,0,1,0,3.96
408,46,108.8,1.64,185,169,63,20.5,1,40.45,0,1,0,0,1,0,4.199999999999999
409,20,51.1,1.58,188,169,64,29.6,1,20.47,1,0,0,0,0,1,1.0
410,29,81.7,1.99,162,126,54,29.4,1,20.63,0,1,0,0,1,0,2.9
411,43,42.7,1.66,173,134,53,33.9,1,15.5,1,0,0,0,0,1,1.46
412,33,81.8,1.99,184,137,51,10.5,3,20.66,0,1,0,0,1,0,6.36
413,54,54.6,1.76,160,137,56,27.4,2,17.63,0,1,1,0,0,0,5.12
414,39,107.7,1.88,162,160,59,28.1,1,30.47,0,1,0,0,1,0,1.44
415,46,56.9,1.6,185,143,65,27.7,1,22.23,1,0,1,0,0,0,2.64
416,31,78.8,1.71,177,121,59,24.7,2,26.95,0,1,0,1,0,0,5.96
417,45,48.2,1.64,168,159,67,32.1,2,17.92,1,0,0,0,1,0,5.0
418,22,50.7,1.59,197,139,66,29.4,2,20.05,1,0,0,0,1,0,3.81
419,47,86.6,1.99,182,153,70,10.6,3,21.87,0,1,0,0,1,0,7.92
420,22,96.3,1.63,180,162,62,27.1,2,36.25,0,1,1,0,0,0,5.4
421,29,80.8,1.98,160,145,50,14.6,3,20.61,0,1,0,0,1,0,8.25
422,33,58.0,1.53,180,126,50,18.3,3,24.78,1,0,0,0,1,0,9.200000000000001
423,43,95.9,1.85,186,157,64,27.7,1,28.02,0,1,0,0,0,1,2.56
424,43,61.5,1.58,165,149,50,16.8,3,24.64,1,0,0,1,0,0,9.3
425,38,40.6,1.79,195,161,55,26.8,1,12.67,1,0,1,0,0,0,1.24
426,56,82.5,1.87,187,124,74,13.2,3,23.59,0,1,0,0,0,1,7.55
427,53,105.1,1.84,176,130,62,23.3,1,31.04,0,1,1,0,0,0,2.07
428,50,58.1,1.58,199,120,50,19.3,3,23.27,1,0,0,0,0,1,9.65
429,47,61.0,1.76,162,153,54,15.6,3,19.69,1,0,0,1,0,0,7.7
430,54,64.5,1.53,171,120,58,17.2,3,27.55,1,0,0,0,0,1,6.96
431,40,58.2,1.98,198,138,74,24.0,2,14.85,0,1,1,0,0,0,4.29
432,27,69.5,1.76,171,121,66,34.4,1,22.44,1,0,0,0,1,0,2.82
433,22,62.2,1.84,161,140,65,21.5,1,18.37,0,1,0,0,1,0,1.53
434,53,68.0,1.7,181,139,57,25.1,2,23.53,1,0,0,1,0,0,4.24
435,51,56.3,1.5,182,142,66,27.4,1,25.02,1,0,1,0,0,0,4.29
436,48,94.5,1.7,189,140,64,28.2,2,32.7,0,1,1,0,0,0,3.0300000000000002
437,27,58.0,1.79,164,143,73,27.1,1,18.1,1,0,1,0,0,0,2.78
438,36,84.0,1.94,168,123,50,11.2,3,22.32,0,1,0,1,0,0,9.0
439,49,61.0,1.87,180,131,61,21.3,2,17.44,0,1,0,0,1,0,4.56
440,18,64.8,1.53,170,141,54,18.6,3,27.68,1,0,0,0,0,1,9.9
441,22,45.7,1.77,164,139,73,20.7,1,14.59,0,1,0,1,0,0,3.12
442,21,80.9,1.9,194,137,55,11.7,3,22.41,0,1,0,0,0,1,7.2
443,33,64.1,1.63,186,120,74,16.4,3,24.13,1,0,0,0,1,0,7.9
444,41,67.0,1.77,161,149,50,25.6,2,21.39,0,1,0,1,0,0,3.66
445,33,106.5,1.6,183,152,74,27.3,2,41.6,0,1,0,0,1,0,5.6
446,19,95.1,1.85,190,143,50,25.3,2,27.79,0,1,0,0,0,1,4.84
447,45,65.5,1.57,192,133,59,34.3,1,26.57,1,0,1,0,0,0,1.32
448,49,105.7,1.64,198,155,59,29.5,2,39.3,0,1,1,0,0,0,3.5999999999999996
449,44,48.0,1.76,189,124,52,28.6,1,15.5,1,0,0,0,0,1,1.76
450,37,69.5,1.5,196,130,66,32.8,1,30.89,1,0,1,0,0,0,1.38
451,41,66.1,1.69,187,143,68,27.4,1,23.14,0,1,0,0,0,1,1.54
452,29,68.0,1.7,190,150,60,28.9,1,23.53,0,1,0,1,0,0,1.52
453,52,50.3,1.78,170,132,67,24.5,1,15.88,0,1,0,1,0,0,1.7
454,50,69.3,1.68,182,135,51,30.3,1,24.55,1,0,0,1,0,0,2.4
455,50,86.7,1.63,161,143,58,12.1,3,32.63,0,1,1,0,0,0,6.8
456,54,125.9,1.94,199,132,73,28.5,2,33.45,0,1,0,0,1,0,4.050000000000001
457,29,88.1,1.93,186,143,66,11.1,3,23.65,0,1,1,0,0,0,9.399999999999999
458,20,124.3,1.82,194,145,63,22.4,2,37.53,0,1,1,0,0,0,3.75
459,18,62.0,1.85,161,121,53,23.7,1,18.12,0,1,0,0,1,0,2.64
460,50,69.7,1.72,198,135,66,27.3,2,23.56,1,0,0,0,1,0,4.96
461,57,60.9,1.52,196,157,66,30.6,2,26.36,1,0,0,0,1,0,3.93
462,27,76.5,1.97,180,165,61,21.3,1,19.71,0,1,0,0,1,0,2.26
463,46,94.7,1.82,164,120,69,23.2,2,28.59,0,1,1,0,0,0,4.41
464,30,67.9,1.75,180,168,67,29.1,1,22.17,0,1,0,0,0,1,2.5
465,29,121.1,1.87,188,130,52,24.1,2,34.63,0,1,0,1,0,0,5.24
466,48,71.5,1.64,179,154,60,32.5,2,26.58,1,0,0,0,0,1,5.84
467,19,98.6,1.7,197,162,74,21.1,1,34.12,0,1,1,0,0,0,1.66
468,52,68.2,1.63,179,148,67,27.5,1,25.67,1,0,0,0,1,0,3.51
469,40,57.7,1.69,184,156,53,33.1,2,20.2,1,0,0,1,0,0,4.72
470,34,124.6,1.63,161,136,66,27.6,2,46.9,0,1,0,1,0,0,4.2299999999999995
471,43,73.0,1.59,191,158,67,28.9,1,28.88,1,0,0,0,0,1,3.93
472,25,59.4,1.51,185,161,54,19.8,3,26.05,1,0,1,0,0,0,8.100000000000001
473,46,52.0,1.65,165,147,63,34.1,1,19.1,1,0,1,0,0,0,1.4
474,43,42.2,1.65,162,148,59,34.6,2,15.5,1,0,1,0,0,0,3.99
475,27,89.3,1.64,192,162,64,12.1,3,33.2,0,1,0,1,0,0,7.28
476,43,110.0,1.76,160,122,50,22.0,1,35.51,0,1,0,0,0,1,3.2700000000000005
477,51,66.2,1.58,164,129,65,31.3,1,26.52,1,0,0,1,0,0,2.58
478,58,58.6,1.66,172,161,60,26.8,1,21.27,0,1,0,1,0,0,2.42
479,24,51.0,1.67,178,133,72,21.3,1,18.29,0,1,0,0,1,0,2.91
480,21,101.5,1.95,171,131,69,27.9,1,26.69,0,1,0,0,0,1,2.91
481,28,114.2,1.87,184,166,55,20.2,2,32.66,0,1,0,0,1,0,3.1500000000000004
482,46,54.4,1.72,194,161,73,24.8,1,18.39,0,1,1,0,0,0,1.82
483,53,52.4,1.57,171,149,71,28.3,2,21.26,1,0,0,1,0,0,4.0200000000000005
484,42,85.2,1.81,189,151,65,13.7,3,26.01,0,1,0,0,0,1,7.7
485,38,83.6,1.74,164,151,51,11.6,3,27.61,0,1,1,0,0,0,8.299999999999999
486,53,115.4,1.92,193,161,50,28.3,2,31.3,0,1,0,0,0,1,5.44
487,27,71.2,1.97,181,151,73,25.9,1,18.35,0,1,0,1,0,0,2.2199999999999998
488,54,78.1,1.6,198,145,73,32.9,2,30.51,1,0,0,0,0,1,4.4
489,26,54.2,1.65,172,120,58,34.9,2,19.91,1,0,1,0,0,0,4.28
490,41,77.6,1.76,162,161,71,31.8,2,25.05,1,0,0,0,1,0,5.08
491,52,44.1,1.62,179,121,61,34.8,1,16.8,1,0,0,1,0,0,4.2299999999999995
492,52,85.5,1.8,190,136,66,10.1,3,26.39,0,1,0,0,1,0,8.5
493,53,47.8,1.76,164,149,74,28.4,2,15.43,1,0,0,1,0,0,4.24
494,35,102.5,1.94,183,158,64,21.1,1,27.23,0,1,1,0,0,0,1.68
495,56,118.0,1.9,199,126,68,22.6,1,32.69,0,1,0,1,0,0,1.32
496,49,82.3,1.84,192,146,71,28.4,2,24.31,0,1,0,0,1,0,5.16
497,41,81.6,1.87,167,128,59,10.2,3,23.33,0,1,0,1,0,0,9.350000000000001
498,40,60.2,1.88,183,141,61,25.2,2,17.03,0,1,1,0,0,0,3.66
499,49,49.2,1.54,179,153,63,30.7,2,20.75,1,0,0,1,0,0,3.84
500,54,46.6,1.5,175,165,58,30.6,1,20.71,1,0,0,0,1,0,2.76
501,29,68.7,1.72,171,168,62,29.8,2,23.22,1,0,1,0,0,0,4.32
502,30,60.6,1.55,172,120,52,32.9,2,25.22,1,0,0,0,1,0,3.9000000000000004
503,40,52.1,1.61,198,128,70,21.3,1,20.1,0,1,0,1,0,0,1.74
504,42,46.6,1.77,184,139,63,28.1,1,14.87,1,0,0,0,0,1,1.22
505,52,65.5,1.74,191,138,70,26.2,2,21.63,0,1,0,0,1,0,5.92
506,58,44.2,1.57,183,155,59,31.9,1,17.93,1,0,0,1,0,0,3.24
507,47,89.1,1.84,168,159,65,24.0,2,26.32,0,1,0,0,0,1,4.32
508,34,65.9,1.62,199,164,56,28.8,1,25.11,0,1,0,0,0,1,1.62
509,37,55.6,1.57,182,123,53,29.2,1,22.56,1,0,1,0,0,0,1.94
510,42,63.7,1.98,172,128,69,24.0,1,16.25,0,1,0,0,0,1,2.74
511,39,86.2,1.82,191,160,72,10.2,3,26.02,0,1,0,0,1,0,9.8
512,30,59.2,1.63,174,141,74,17.8,3,22.28,1,0,0,0,1,0,7.4
513,36,85.4,1.88,195,137,60,13.5,3,24.16,0,1,0,0,0,1,9.9
514,53,68.1,1.55,164,131,65,26.1,2,28.35,1,0,0,1,0,0,5.64
515,29,60.0,1.62,181,161,69,28.1,1,22.86,1,0,0,0,1,0,1.7
516,58,74.8,1.69,175,162,53,32.8,2,26.19,1,0,0,0,1,0,5.12
517,36,90.3,1.65,169,158,71,23.7,2,33.17,0,1,1,0,0,0,5.52
518,29,86.1,1.65,183,128,71,11.2,3,31.63,0,1,0,1,0,0,6.64
519,26,73.7,1.66,177,125,72,26.7,1,26.75,0,1,0,0,0,1,1.86
520,24,67.7,1.56,177,138,66,27.0,2,27.82,1,0,0,1,0,0,4.26
521,45,78.3,1.96,166,167,62,29.0,1,20.38,0,1,1,0,0,0,3.87
522,31,48.2,1.65,163,166,60,26.1,1,17.7,1,0,1,0,0,0,2.2
523,48,56.8,1.51,185,126,52,32.1,2,24.91,1,0,0,1,0,0,5.48
524,36,112.4,1.63,164,135,58,25.0,2,42.3,0,1,1,0,0,0,4.08
525,33,59.0,1.67,175,124,55,33.7,1,21.16,1,0,1,0,0,0,2.7
526,22,98.4,1.88,194,135,71,21.3,1,27.84,0,1,1,0,0,0,1.04
527,52,66.5,1.6,185,120,70,26.8,2,25.98,0,1,0,1,0,0,5.36
528,29,106.5,1.81,177,156,60,25.7,2,32.51,0,1,1,0,0,0,5.16
529,42,88.4,1.93,188,158,65,12.4,3,23.73,0,1,0,0,0,1,6.72
530,38,88.4,1.79,182,138,68,12.5,3,27.59,0,1,0,0,0,1,8.7
531,53,53.3,1.74,173,156,54,32.2,2,17.6,1,0,0,0,1,0,4.11
532,40,58.1,1.56,174,136,63,34.4,1,23.87,1,0,0,0,0,1,1.22
533,33,74.2,1.76,192,145,66,25.9,2,23.95,1,0,0,0,1,0,4.6
534,56,84.6,1.63,184,141,52,20.2,2,31.84,0,1,0,1,0,0,4.04
535,59,78.0,1.92,180,127,53,28.1,1,21.16,0,1,1,0,0,0,2.16
536,56,89.0,1.68,176,152,65,10.5,3,31.53,0,1,0,0,0,1,8.85
537,31,42.7,1.76,182,121,65,34.9,1,13.78,1,0,0,0,1,0,4.38
538,48,83.9,1.82,176,149,70,13.1,3,25.33,0,1,0,1,0,0,9.5
539,22,78.7,1.52,173,166,74,31.5,2,34.06,1,0,0,0,1,0,4.35
540,52,65.9,1.52,188,139,53,27.0,2,28.52,1,0,1,0,0,0,5.08
541,40,76.9,1.92,179,137,68,22.4,2,20.86,0,1,0,0,0,1,4.52
542,46,84.3,2.0,189,162,66,13.3,3,21.07,0,1,0,1,0,0,9.15
543,28,62.4,1.6,178,129,62,34.1,2,24.37,1,0,0,0,1,0,3.3000000000000003
544,35,63.7,1.74,198,143,71,29.8,2,21.04,0,1,0,1,0,0,4.12
545,29,54.9,1.52,172,123,72,27.0,1,23.76,1,0,0,0,1,0,4.4399999999999995
546,26,76.4,1.79,177,156,73,21.3,2,23.84,0,1,0,0,1,0,3.51
547,27,106.4,1.86,182,123,50,20.6,1,30.76,0,1,1,0,0,0,2.68
548,34,68.4,1.5,192,132,61,33.7,2,30.4,1,0,1,0,0,0,5.48
549,55,63.5,1.86,198,144,53,22.9,2,18.35,0,1,0,0,1,0,5.44
550,24,59.4,1.5,199,132,60,25.0,2,26.4,1,0,0,0,0,1,3.75
551,30,113.4,1.91,177,137,54,22.2,1,31.08,0,1,0,1,0,0,3.81
552,57,61.9,1.52,168,143,51,28.4,1,26.79,1,0,0,1,0,0,2.7600000000000002
553,59,70.7,1.68,192,121,66,34.9,2,25.05,1,0,1,0,0,0,3.51
554,26,111.5,1.9,191,167,57,25.2,1,30.89,0,1,0,0,0,1,2.04
555,44,72.1,1.66,176,152,55,27.0,1,26.16,1,0,0,0,1,0,2.8
556,19,56.9,1.87,178,138,70,23.3,1,16.27,0,1,1,0,0,0,1.83
557,22,86.2,1.9,186,128,58,11.7,3,23.88,0,1,0,0,1,0,9.549999999999999
558,46,59.4,1.68,165,147,62,20.2,2,21.05,0,1,0,0,1,0,4.64
559,54,75.6,1.72,194,154,60,26.4,1,25.55,1,0,1,0,0,0,2.91
560,55,76.3,1.73,196,158,65,32.0,1,25.49,1,0,0,0,0,1,3.24
561,36,95.8,1.86,193,129,65,21.2,1,27.69,0,1,0,1,0,0,4.11
562,25,120.6,1.83,179,120,51,22.3,2,36.01,0,1,1,0,0,0,3.12
563,18,65.3,1.55,184,161,59,28.5,2,27.18,1,0,0,0,0,1,4.26
564,39,85.3,1.89,163,140,61,27.6,1,23.88,0,1,0,0,1,0,1.54
565,34,68.0,1.68,169,128,57,25.8,1,24.09,0,1,1,0,0,0,1.34
566,24,52.6,1.57,169,166,60,31.9,1,21.34,1,0,0,1,0,0,2.58
567,42,63.3,1.77,183,134,59,25.7,2,20.2,0,1,0,1,0,0,3.96
568,21,76.3,1.65,180,154,62,31.8,2,28.03,1,0,0,0,1,0,3.42
569,53,61.0,1.63,170,124,74,20.0,1,22.96,0,1,1,0,0,0,1.62
570,23,67.8,1.61,186,160,66,34.3,1,26.16,1,0,0,1,0,0,2.68
571,48,114.9,1.86,175,141,56,21.1,1,33.21,0,1,1,0,0,0,4.08
572,36,88.0,1.71,185,160,73,12.0,3,30.09,0,1,0,1,0,0,9.350000000000001
573,56,67.7,1.58,189,142,52,32.7,1,27.12,1,0,0,0,1,0,2.9
574,44,124.8,1.85,175,126,69,24.4,2,36.46,0,1,0,0,1,0,5.4
575,27,53.0,1.58,166,142,62,34.5,2,21.23,1,0,1,0,0,0,5.04
576,43,61.2,1.88,175,163,68,24.7,1,17.32,0,1,0,0,0,1,3.09
577,36,48.7,1.68,194,144,56,33.7,1,17.25,1,0,0,0,0,1,3.69
578,56,50.6,1.7,175,146,58,33.1,1,17.51,1,0,0,0,1,0,2.58
579,20,72.6,1.73,199,160,68,34.8,2,24.26,1,0,0,1,0,0,3.81
580,30,70.4,1.56,171,125,62,34.3,2,28.93,1,0,0,0,0,1,4.12
581,45,52.5,1.88,194,153,71,29.0,2,14.85,0,1,0,0,1,0,4.32
582,37,76.3,1.77,180,128,57,27.3,2,24.35,0,1,0,1,0,0,5.44
583,45,41.2,1.58,195,168,71,28.7,1,16.5,1,0,0,1,0,0,2.94
584,25,55.3,1.76,176,152,67,15.5,3,17.85,1,0,0,0,0,1,6.24
585,58,49.7,1.67,191,125,72,31.9,2,17.82,1,0,0,0,1,0,5.52
586,56,48.3,1.87,165,156,51,29.8,1,13.81,0,1,0,1,0,0,2.04
587,18,83.2,1.96,183,150,67,13.6,3,21.66,0,1,0,1,0,0,7.32
588,20,120.5,1.73,186,153,67,29.3,2,40.26,0,1,1,0,0,0,3.0300000000000002
589,30,121.6,2.0,179,160,60,28.0,2,30.4,0,1,1,0,0,0,4.96
590,45,73.0,1.75,184,148,50,26.6,2,23.84,1,0,0,0,0,1,4.56
591,42,57.5,1.67,161,133,63,16.2,3,20.62,1,0,1,0,0,0,8.8
592,50,42.7,1.53,168,155,65,28.4,2,18.24,1,0,0,0,1,0,5.64
593,55,129.9,1.73,187,155,60,21.7,1,43.4,0,1,0,0,0,1,2.07
594,23,108.6,1.92,197,134,50,25.8,1,29.46,0,1,0,0,0,1,1.78
595,49,88.6,2.0,162,127,56,14.9,3,22.15,0,1,1,0,0,0,7.32
596,38,49.7,1.51,179,145,65,32.6,1,21.8,1,0,0,1,0,0,3.75
597,33,56.4,1.54,165,155,63,29.2,1,23.78,1,0,0,0,1,0,3.18
598,38,46.9,1.74,198,167,64,20.0,2,15.49,0,1,0,0,1,0,4.12
599,28,71.3,1.67,192,140,63,28.1,2,25.57,1,0,0,0,1,0,5.84
600,54,71.6,1.86,160,147,70,25.3,2,20.7,0,1,0,0,0,1,3.42
601,53,82.3,1.61,196,123,60,11.6,3,31.75,0,1,0,0,1,0,9.350000000000001
602,52,70.6,1.69,165,135,65,26.1,1,24.72,1,0,0,1,0,0,4.08
603,36,109.8,1.62,193,141,68,24.4,1,41.84,0,1,0,1,0,0,2.52
604,37,73.5,1.69,174,131,66,27.5,1,25.73,1,0,1,0,0,0,1.08
605,35,85.6,1.85,185,135,55,14.5,3,25.01,0,1,0,0,1,0,8.9
606,58,74.6,1.68,173,159,60,26.0,2,26.43,1,0,0,0,0,1,4.12
607,31,63.2,1.8,166,157,66,25.5,1,19.51,1,0,1,0,0,0,1.18
608,32,62.6,1.63,190,161,58,15.0,3,23.56,1,0,0,1,0,0,8.35
609,48,87.1,1.76,183,156,67,11.6,3,28.12,0,1,0,0,1,0,9.05
610,18,82.3,1.84,190,148,66,13.3,3,24.31,0,1,0,1,0,0,8.65
611,20,64.3,1.78,188,137,61,18.7,3,20.29,1,0,1,0,0,0,6.84
612,33,53.7,1.66,191,129,72,29.5,1,19.49,1,0,0,1,0,0,3.75
613,40,63.0,2.0,176,161,71,26.8,2,15.75,0,1,0,0,1,0,5.68
614,28,128.4,1.86,173,158,71,23.6,2,37.11,0,1,0,0,1,0,4.24
615,29,88.0,1.89,199,137,54,13.3,3,24.64,0,1,1,0,0,0,8.75
616,27,63.7,1.52,195,120,60,25.4,2,27.57,1,0,0,0,1,0,4.76
617,49,83.7,1.87,183,158,53,23.9,2,23.94,0,1,0,1,0,0,5.16
618,33,102.6,1.75,186,140,53,27.9,2,33.5,0,1,0,1,0,0,4.199999999999999
619,25,77.7,1.55,184,120,52,33.0,1,32.34,1,0,0,0,0,1,1.1
620,55,87.5,1.88,191,134,73,27.2,2,24.76,0,1,0,0,0,1,4.76
621,29,87.0,1.86,177,123,72,11.0,3,25.15,0,1,0,0,0,1,6.08
622,41,82.8,1.66,177,139,74,11.2,3,30.05,0,1,0,1,0,0,9.85
623,45,65.4,1.68,196,129,66,35.0,1,23.17,1,0,0,1,0,0,2.2800000000000002
624,25,47.2,1.71,185,142,56,26.0,1,16.14,1,0,1,0,0,0,1.78
625,45,58.2,1.7,168,160,53,26.8,1,20.14,1,0,0,0,0,1,2.8499999999999996
626,53,73.5,1.55,194,153,72,26.3,2,30.59,1,0,0,1,0,0,4.68
627,43,55.2,1.73,167,165,62,16.6,3,18.44,1,0,1,0,0,0,8.35
628,25,64.4,1.71,179,167,61,27.1,1,22.02,1,0,0,1,0,0,3.3600000000000003
629,45,73.5,1.74,181,152,50,30.0,2,24.28,1,0,1,0,0,0,4.72
630,45,89.6,1.81,178,153,70,12.4,3,27.35,0,1,0,0,0,1,8.5
631,54,86.5,1.76,189,158,68,29.0,2,27.92,0,1,0,0,0,1,4.4399999999999995
632,58,46.1,1.67,187,129,70,25.3,2,16.53,1,0,0,0,0,1,5.12
633,53,68.5,1.97,194,139,69,23.2,2,17.65,0,1,0,1,0,0,3.9000000000000004
634,44,94.6,1.84,170,120,67,26.0,2,27.94,0,1,0,1,0,0,5.04
635,34,54.2,1.52,190,132,60,31.0,1,23.46,1,0,1,0,0,0,3.3899999999999997
636,26,47.7,1.77,198,120,69,24.8,2,15.23,0,1,0,0,1,0,3.4499999999999997
637,50,52.2,1.84,195,124,52,28.2,2,15.42,0,1,0,0,1,0,5.52
638,37,88.8,1.95,189,135,66,10.3,3,23.35,0,1,0,0,0,1,7.9
639,30,101.0,1.68,182,134,61,28.2,2,35.79,0,1,0,0,1,0,5.84
640,45,118.4,1.95,178,168,59,24.9,2,31.14,0,1,0,0,0,1,3.18
641,46,47.9,1.72,171,147,57,26.3,1,16.19,1,0,1,0,0,0,4.2299999999999995
642,30,51.5,1.74,174,150,64,33.9,2,17.01,1,0,0,0,1,0,3.24
643,52,79.9,1.51,190,142,54,31.5,1,35.04,1,0,0,0,1,0,2.25
644,23,121.3,1.85,196,167,53,21.6,1,35.44,0,1,0,0,0,1,1.44
645,35,78.9,1.64,196,164,70,25.3,2,29.34,1,0,1,0,0,0,5.12
646,22,88.5,1.62,174,162,69,10.7,3,33.72,0,1,0,0,1,0,9.399999999999999
647,42,73.5,1.63,188,136,68,26.1,1,27.66,0,1,0,0,1,0,1.56
648,19,127.9,1.93,185,168,70,21.8,2,34.34,0,1,0,0,1,0,5.08
649,27,88.5,1.98,161,153,53,11.1,3,22.57,0,1,1,0,0,0,7.2
650,47,43.4,1.62,179,132,64,25.3,1,16.54,1,0,1,0,0,0,1.53
651,22,42.8,1.56,174,133,66,32.2,2,17.59,1,0,0,0,1,0,4.41
652,50,64.5,1.79,163,130,61,28.1,2,20.13,0,1,0,0,0,1,4.68
653,18,50.7,1.53,181,147,52,33.0,2,21.66,1,0,0,0,0,1,3.87
654,35,59.2,1.66,197,161,59,21.3,1,21.48,0,1,0,0,1,0,3.9000000000000004
655,49,78.9,1.73,182,151,64,34.0,1,26.36,1,0,1,0,0,0,2.76
656,28,78.7,1.63,185,154,59,31.7,2,29.62,1,0,0,0,1,0,3.3000000000000003
657,38,68.7,1.92,170,150,73,29.0,2,18.64,0,1,1,0,0,0,5.24
658,43,53.1,1.59,187,136,72,29.5,1,21.0,1,0,0,0,1,0,1.64
659,42,64.8,1.65,161,166,67,24.4,2,23.8,0,1,1,0,0,0,3.3000000000000003
660,39,50.3,1.61,167,128,50,32.8,1,19.41,1,0,0,1,0,0,2.34
661,44,102.3,1.63,188,129,52,20.9,2,38.5,0,1,0,0,0,1,5.36
662,30,62.9,1.92,170,127,70,25.2,1,17.06,0,1,0,1,0,0,2.26
663,50,56.5,1.6,196,140,61,19.2,3,22.07,1,0,0,0,0,1,9.399999999999999
664,51,74.6,1.55,177,132,50,33.3,1,31.05,1,0,1,0,0,0,1.42
665,58,52.0,1.79,173,169,52,29.6,1,16.23,0,1,0,1,0,0,3.3600000000000003
666,52,52.1,1.67,169,124,52,32.0,1,18.68,1,0,0,0,0,1,3.0
667,18,72.2,1.54,194,125,54,27.1,1,30.44,1,0,0,0,1,0,1.94
668,38,85.8,1.8,168,149,68,10.1,3,26.48,0,1,1,0,0,0,6.88
669,23,81.4,1.85,194,150,74,12.4,3,23.78,0,1,1,0,0,0,6.4
670,45,50.9,1.65,170,136,50,30.1,1,18.7,1,0,0,0,1,0,2.9
671,34,52.0,1.78,171,130,53,22.4,2,16.41,0,1,0,0,1,0,5.52
672,22,71.0,1.93,162,139,53,21.2,2,19.06,0,1,0,0,0,1,5.68
673,48,80.6,1.77,198,167,66,12.9,3,25.73,0,1,1,0,0,0,6.04
674,22,58.3,1.72,173,128,63,32.6,2,19.71,1,0,0,0,0,1,3.0
675,55,63.0,1.7,187,121,67,34.9,1,21.8,1,0,0,0,1,0,3.96
676,20,111.0,1.94,170,156,50,27.6,2,29.49,0,1,1,0,0,0,4.08
677,40,52.6,1.66,198,120,71,32.9,2,19.09,1,0,0,0,1,0,3.81
678,54,116.4,2.0,184,123,65,26.2,1,29.1,0,1,0,0,0,1,3.3899999999999997
679,54,75.6,1.61,180,155,52,34.9,2,29.17,1,0,0,0,0,1,5.64
680,27,61.6,1.8,169,144,72,26.4,1,19.01,0,1,0,0,0,1,2.96
681,27,108.0,1.8,174,122,70,28.6,2,33.33,0,1,1,0,0,0,5.52
682,36,59.3,1.75,178,128,58,34.5,1,19.36,1,0,0,0,1,0,2.9699999999999998
683,34,75.7,1.94,181,141,72,29.3,2,20.11,0,1,0,0,1,0,4.72
684,38,56.3,1.6,180,142,53,28.8,2,21.99,1,0,0,0,0,1,4.84
685,31,58.2,1.73,191,131,70,25.8,2,19.45,1,0,0,0,0,1,3.51
686,26,55.7,1.68,182,129,54,21.7,1,19.73,0,1,0,0,0,1,3.3899999999999997
687,18,125.9,1.67,172,153,60,20.6,2,45.14,0,1,0,0,0,1,4.38
688,30,62.7,1.67,164,162,70,26.1,2,22.48,1,0,0,1,0,0,4.08
689,21,86.6,1.86,163,129,58,21.8,2,25.03,0,1,0,1,0,0,4.11
690,18,64.5,1.82,187,149,52,23.4,2,19.47,0,1,0,1,0,0,3.5999999999999996
691,57,76.6,1.86,173,141,55,25.4,2,22.14,0,1,0,0,0,1,4.56
692,49,81.4,1.83,167,125,73,13.6,3,24.31,0,1,0,0,0,1,9.9
693,51,60.7,1.71,168,169,60,22.1,1,20.76,0,1,0,0,1,0,2.28
694,45,57.2,1.55,194,121,58,18.4,3,23.81,1,0,1,0,0,0,8.35
695,48,73.0,1.59,196,149,64,32.0,2,28.88,1,0,0,0,1,0,3.57
696,25,123.8,1.99,180,121,72,25.6,1,31.26,0,1,0,1,0,0,3.3899999999999997
697,56,93.6,1.66,177,151,52,29.0,1,33.97,0,1,0,0,1,0,2.74
698,43,76.8,1.92,192,161,50,21.1,1,20.83,0,1,0,0,0,1,3.7199999999999998
699,51,54.7,1.53,167,135,69,26.8,2,23.37,1,0,0,1,0,0,4.44
700,20,92.3,1.94,176,131,71,24.3,2,24.52,0,1,0,1,0,0,3.42
701,29,71.8,1.55,190,120,68,26.3,2,29.89,1,0,1,0,0,0,4.8
702,18,66.9,1.57,193,127,63,30.7,2,27.14,1,0,1,0,0,0,3.21
703,22,48.7,1.76,165,167,66,29.0,2,15.72,1,0,0,1,0,0,5.48
704,47,66.2,1.71,181,169,71,22.8,1,22.64,0,1,0,1,0,0,4.26
705,47,40.0,1.76,173,132,63,26.7,1,12.91,1,0,0,0,1,0,2.4000000000000004
706,34,112.4,1.85,162,134,66,23.4,2,32.84,0,1,0,1,0,0,4.72
707,40,70.0,1.55,171,163,74,31.1,1,29.14,1,0,0,0,0,1,2.55
708,32,84.0,1.74,195,127,63,25.8,1,27.74,0,1,0,0,1,0,4.35
709,54,43.8,1.65,171,129,61,26.6,2,16.09,1,0,0,0,0,1,5.16
710,38,123.3,1.62,161,165,65,21.2,2,46.98,0,1,0,0,0,1,5.36
711,31,57.9,1.56,161,124,50,15.1,3,23.79,1,0,0,0,0,1,9.0
712,19,82.4,1.96,174,169,62,10.1,3,21.45,0,1,0,1,0,0,9.5
713,28,84.8,1.79,182,138,55,28.8,2,26.47,0,1,1,0,0,0,5.4
714,56,109.6,1.66,188,166,66,20.5,2,39.77,0,1,1,0,0,0,3.87
715,55,86.4,1.77,176,157,61,27.3,2,27.58,0,1,0,0,0,1,3.0
716,51,63.9,1.8,191,130,72,33.7,2,19.72,1,0,0,1,0,0,4.28
717,55,70.8,1.62,166,162,68,26.0,1,26.98,1,0,0,0,1,0,1.62
718,51,115.3,1.67,189,139,55,24.4,2,41.34,0,1,0,0,0,1,4.14
719,35,55.3,1.56,187,139,56,19.8,3,22.72,1,0,0,0,1,0,8.55
720,47,73.9,1.8,173,140,50,28.3,1,22.81,0,1,0,0,1,0,4.08
721,32,97.3,1.96,189,137,50,24.9,2,25.33,0,1,0,1,0,0,4.08
722,44,60.4,1.65,176,169,54,32.6,2,22.19,1,0,0,1,0,0,5.08
723,51,49.3,1.61,191,129,55,28.3,1,19.02,0,1,1,0,0,0,2.72
724,55,91.8,1.78,165,153,65,23.5,1,28.97,0,1,1,0,0,0,4.32
725,50,73.6,1.55,183,145,74,33.9,1,30.63,1,0,0,1,0,0,2.67
726,41,47.1,1.78,165,149,65,24.7,1,14.87,0,1,0,0,0,1,3.7800000000000002
727,32,65.2,1.62,186,128,63,25.3,1,24.84,0,1,1,0,0,0,1.16
728,47,87.2,1.64,177,165,50,15.0,3,32.42,0,1,0,0,1,0,8.0
729,59,96.7,1.71,183,150,62,28.4,1,33.07,0,1,0,0,0,1,1.71
730,34,46.9,1.61,196,161,69,28.6,2,18.09,1,0,0,0,1,0,3.06
731,22,72.1,1.62,183,123,59,25.1,1,27.47,1,0,0,1,0,0,4.14
732,46,62.5,1.54,197,125,73,18.1,3,26.35,1,0,0,0,1,0,6.44
733,21,110.7,1.69,193,133,59,27.0,1,38.76,0,1,0,0,0,1,3.18
734,27,102.6,1.83,199,123,58,26.5,2,30.64,0,1,0,1,0,0,4.2299999999999995
735,34,64.3,1.62,174,145,62,19.8,3,24.5,1,0,0,0,0,1,8.8
736,27,80.7,1.61,170,166,52,14.3,3,31.13,0,1,0,0,1,0,7.0
737,34,115.3,1.81,181,167,67,24.5,1,35.19,0,1,0,0,0,1,2.72
738,37,87.8,1.69,183,158,69,10.3,3,30.74,0,1,0,1,0,0,9.05
739,41,74.3,1.61,160,136,51,24.8,2,28.66,0,1,0,0,1,0,4.24
740,22,78.5,1.7,177,138,66,31.9,2,27.16,1,0,0,0,1,0,5.44
741,51,77.3,1.58,171,168,68,31.1,1,30.96,1,0,1,0,0,0,1.94
742,23,64.5,1.7,187,125,72,30.4,1,22.32,1,0,1,0,0,0,1.02
743,19,72.0,1.94,199,148,62,24.7,2,19.13,0,1,0,0,0,1,3.51
744,30,77.9,1.77,166,130,62,27.9,2,24.87,1,0,1,0,0,0,5.64
745,28,69.6,1.58,182,135,50,27.8,2,27.88,1,0,1,0,0,0,4.47
746,40,68.9,1.99,180,149,51,25.0,2,17.4,0,1,1,0,0,0,4.64
747,33,45.9,1.89,193,144,50,21.6,2,12.85,0,1,1,0,0,0,4.35
748,48,68.2,1.69,170,159,73,28.4,1,23.88,1,0,0,1,0,0,2.25
749,28,79.6,1.59,181,130,54,28.2,2,31.49,1,0,0,1,0,0,4.47
750,33,53.6,1.52,194,126,73,30.9,1,23.2,1,0,1,0,0,0,2.04
751,25,57.7,1.58,188,145,52,25.7,2,23.11,1,0,0,0,0,1,4.08
752,21,74.2,1.93,187,141,56,28.3,2,19.92,0,1,0,1,0,0,3.96
753,57,64.4,1.56,177,144,73,17.8,3,26.46,1,0,1,0,0,0,7.6
754,21,54.9,1.78,173,138,71,31.7,1,17.33,1,0,0,1,0,0,1.1
755,42,50.3,1.64,177,150,62,27.0,1,18.7,0,1,0,0,1,0,1.8900000000000001
756,20,46.5,1.68,187,145,72,27.9,1,16.48,1,0,0,1,0,0,1.82
757,49,57.8,1.99,183,161,67,24.7,1,14.6,0,1,0,1,0,0,2.79
758,20,83.0,1.8,167,160,73,29.6,1,25.62,0,1,0,0,0,1,1.58
759,44,82.5,1.79,167,155,70,13.8,3,25.75,0,1,0,1,0,0,7.55
760,46,66.5,1.73,163,142,56,34.7,1,22.22,1,0,0,0,0,1,3.33
761,49,70.2,1.67,186,166,50,32.5,1,25.17,1,0,0,0,1,0,2.79
762,36,121.9,1.93,195,132,54,21.8,2,32.73,0,1,1,0,0,0,4.47
763,38,70.3,1.52,164,144,66,25.6,2,30.43,1,0,0,0,0,1,4.76
764,22,40.3,1.56,192,121,57,30.8,2,16.56,1,0,0,1,0,0,5.8
765,35,101.4,1.76,193,121,64,23.6,1,32.74,0,1,0,1,0,0,1.68
766,45,79.2,1.95,189,135,69,22.8,2,20.83,0,1,0,0,0,1,4.41
767,59,75.8,1.77,167,128,53,33.1,1,24.19,1,0,0,0,1,0,4.38
768,39,71.7,1.88,198,147,51,23.7,1,20.29,0,1,1,0,0,0,1.1
769,38,57.7,1.56,185,132,54,16.6,3,23.71,1,0,0,1,0,0,8.2
770,23,47.4,1.6,196,154,50,33.5,1,18.52,1,0,0,0,1,0,2.2800000000000002
771,18,57.2,1.75,193,160,74,33.5,2,18.68,1,0,1,0,0,0,3.87
772,22,44.8,1.72,166,132,54,28.6,2,15.14,1,0,1,0,0,0,5.92
773,58,90.2,1.72,199,150,55,28.3,1,30.49,0,1,0,1,0,0,1.8
774,29,84.9,1.72,187,140,51,14.3,3,28.7,0,1,0,0,0,1,7.16
775,43,95.7,1.77,198,151,50,24.2,1,30.55,0,1,0,1,0,0,3.24
776,51,59.0,1.65,198,153,53,20.7,2,21.67,0,1,0,1,0,0,3.66
777,31,60.5,1.77,187,127,56,15.0,3,19.31,1,0,0,1,0,0,6.88
778,43,53.8,1.72,173,160,71,30.2,2,18.19,1,0,0,0,1,0,4.12
779,44,86.6,1.97,197,167,50,11.7,3,22.31,0,1,0,0,0,1,8.299999999999999
780,26,72.8,1.67,163,121,50,35.0,1,26.1,1,0,0,0,1,0,2.74
781,43,66.3,1.77,177,157,57,32.7,2,21.16,1,0,0,1,0,0,5.92
782,39,56.0,1.6,184,151,69,32.6,1,21.87,1,0,0,0,0,1,1.78
783,47,45.9,1.93,166,159,65,29.6,2,12.32,0,1,1,0,0,0,3.87
784,34,88.0,1.64,197,147,70,14.4,3,32.72,0,1,0,0,0,1,7.6
785,43,94.0,1.79,187,156,62,23.2,1,29.34,0,1,0,1,0,0,2.62
786,53,44.7,1.79,164,160,72,26.7,2,13.95,1,0,0,0,0,1,4.0200000000000005
787,18,63.2,1.63,162,120,73,27.5,1,23.79,0,1,1,0,0,0,1.98
788,25,95.6,1.9,190,160,72,23.8,2,26.48,0,1,1,0,0,0,5.88
789,52,47.8,1.86,179,129,67,24.7,2,13.82,0,1,0,0,0,1,3.0300000000000002
790,32,85.3,1.64,178,123,69,13.2,3,31.71,0,1,1,0,0,0,7.08
791,39,59.7,1.83,170,154,59,29.1,2,17.83,0,1,0,0,1,0,5.4
792,31,70.2,1.98,199,129,61,24.2,1,17.91,0,1,0,0,0,1,1.42
793,43,72.7,1.8,162,166,50,32.8,1,22.44,1,0,1,0,0,0,2.37
794,45,50.4,1.79,182,130,59,27.7,1,15.73,1,0,1,0,0,0,1.48
795,40,81.7,1.74,166,133,58,27.0,1,26.99,0,1,0,0,0,1,1.82
796,31,49.3,1.62,182,157,52,20.0,1,18.79,0,1,0,0,1,0,1.12
797,41,61.9,1.64,166,131,68,19.4,3,23.01,1,0,0,0,0,1,7.72
798,19,49.1,1.68,193,164,58,25.3,2,17.4,1,0,1,0,0,0,5.68
799,43,66.5,1.83,178,136,59,27.1,2,19.86,0,1,0,0,0,1,3.33
800,31,75.5,1.93,168,135,68,20.5,1,20.27,0,1,1,0,0,0,1.2
801,24,88.2,1.79,177,154,65,11.3,3,27.53,0,1,0,1,0,0,7.04
802,20,74.8,1.75,184,121,73,25.0,2,24.42,0,1,0,0,0,1,3.99
803,40,72.2,1.6,173,130,67,29.2,1,28.2,1,0,0,0,0,1,2.61
804,35,62.8,1.63,184,160,63,21.9,2,23.64,0,1,1,0,0,0,5.64
805,55,84.7,1.79,178,122,52,23.3,2,26.43,0,1,1,0,0,0,3.57
806,52,116.5,1.69,198,148,51,27.3,1,40.79,0,1,1,0,0,0,1.06
807,32,77.4,1.92,174,137,50,26.7,2,21.0,0,1,1,0,0,0,4.17
808,42,72.9,1.62,175,139,67,25.7,2,27.78,1,0,0,0,0,1,4.68
809,54,58.4,1.59,186,166,73,32.5,1,23.1,1,0,1,0,0,0,2.16
810,45,64.3,1.54,199,133,58,15.3,3,27.11,1,0,0,0,0,1,6.68
811,27,89.3,1.87,169,153,62,12.7,3,25.54,0,1,0,0,1,0,8.100000000000001
812,56,90.2,1.61,163,168,51,22.6,2,34.8,0,1,0,0,0,1,4.14
813,34,59.0,1.62,178,150,56,30.9,2,22.48,1,0,1,0,0,0,4.52
814,56,58.7,1.86,187,159,65,22.6,2,16.97,0,1,1,0,0,0,3.2700000000000005
815,39,127.5,1.82,180,161,70,29.8,2,38.49,0,1,0,0,1,0,3.7800000000000002
816,43,68.6,1.52,173,137,68,28.1,2,29.69,1,0,0,0,0,1,5.68
817,42,56.7,1.53,192,149,74,27.4,1,24.22,1,0,0,0,1,0,3.21
818,34,64.5,1.78,169,144,64,27.8,2,20.36,1,0,0,0,0,1,5.32
819,30,61.6,1.52,178,138,71,19.5,3,26.66,1,0,1,0,0,0,7.12
820,37,75.1,1.82,189,127,60,26.4,2,22.67,0,1,0,0,0,1,4.92
821,42,79.3,1.93,181,147,50,27.3,1,21.29,0,1,1,0,0,0,2.44
822,21,72.6,1.68,162,127,70,34.2,2,25.72,1,0,1,0,0,0,3.57
823,27,76.7,1.7,196,150,56,29.1,1,26.54,0,1,0,1,0,0,2.88
824,20,44.2,1.61,177,122,69,32.4,1,17.05,1,0,0,1,0,0,2.16
825,58,56.5,1.7,170,122,57,27.0,1,19.55,1,0,0,0,0,1,1.48
826,35,100.9,1.63,161,163,59,28.4,1,37.98,0,1,1,0,0,0,2.2
827,53,55.8,1.55,171,141,54,27.0,2,23.23,1,0,0,0,1,0,4.48
828,39,58.3,1.93,165,136,58,27.4,2,15.65,0,1,1,0,0,0,5.4
829,51,48.6,1.77,199,155,74,26.9,1,15.51,0,1,0,0,1,0,2.94
830,25,81.7,1.95,188,136,74,13.8,3,21.49,0,1,0,0,0,1,7.76
831,57,85.6,1.69,189,133,50,12.7,3,29.97,0,1,0,0,0,1,8.8
832,36,60.0,1.72,161,128,51,18.2,3,20.28,1,0,0,0,1,0,8.149999999999999
833,59,126.4,1.69,168,149,68,29.5,1,44.26,0,1,0,0,1,0,3.7199999999999998
834,58,75.4,1.78,161,140,63,26.0,2,23.8,1,0,1,0,0,0,4.2
835,54,64.2,1.69,188,131,69,16.5,3,22.48,1,0,0,0,0,1,6.76
836,23,65.2,1.62,192,156,59,31.1,2,24.84,1,0,1,0,0,0,4.11
837,43,70.1,1.66,169,151,58,34.6,1,25.44,1,0,0,0,1,0,1.98
838,51,102.6,1.77,193,130,59,21.0,1,32.75,0,1,0,1,0,0,2.42
839,23,107.2,1.93,167,139,55,20.2,2,28.78,0,1,0,1,0,0,4.6
840,54,56.5,1.75,196,154,66,15.3,3,18.45,1,0,0,1,0,0,8.8
841,50,61.6,1.75,192,166,74,25.5,2,20.11,1,0,0,0,1,0,4.88
842,39,81.7,1.75,165,165,55,29.1,2,26.68,0,1,1,0,0,0,5.28
843,38,76.6,1.58,199,130,53,32.2,1,30.68,1,0,0,0,0,1,1.48
844,23,116.8,1.79,178,127,69,26.8,2,36.45,0,1,0,0,1,0,4.0
845,23,60.1,1.59,191,123,52,17.6,3,23.77,1,0,0,1,0,0,7.2
846,21,93.7,1.73,186,146,72,27.8,1,31.31,0,1,1,0,0,0,2.0
847,47,41.6,1.58,160,163,68,26.6,2,16.66,1,0,0,0,0,1,4.12
848,28,55.1,1.79,192,159,67,17.0,3,17.2,1,0,0,0,0,1,9.95
849,47,127.1,1.76,199,157,73,24.9,1,41.03,0,1,0,0,1,0,1.42
850,48,69.1,1.6,191,166,53,26.1,2,26.99,1,0,0,0,1,0,5.36
851,41,66.8,1.74,164,149,57,29.2,1,22.06,1,0,0,0,0,1,4.0200000000000005
852,26,125.5,1.76,176,163,66,23.2,2,40.52,0,1,0,0,0,1,4.6
853,20,71.3,1.58,167,167,54,25.4,2,28.56,1,0,0,1,0,0,3.21
854,48,129.2,1.61,193,167,62,21.4,2,49.84,0,1,0,0,0,1,4.24
855,57,96.3,1.86,168,146,74,27.6,2,27.84,0,1,0,0,1,0,3.3000000000000003
856,54,67.5,1.54,182,140,50,25.2,1,28.46,1,0,1,0,0,0,2.16
857,53,64.4,1.55,194,139,62,19.7,3,26.81,1,0,0,1,0,0,7.08
858,41,64.9,1.57,166,123,53,25.9,2,26.33,1,0,0,1,0,0,4.16
859,48,52.3,1.66,174,130,71,33.0,1,18.98,1,0,0,0,0,1,2.2199999999999998
860,23,56.7,1.55,179,132,73,34.0,2,23.6,1,0,1,0,0,0,5.52
861,19,46.8,1.63,184,128,63,34.4,2,17.61,1,0,0,1,0,0,5.4
862,37,70.3,1.77,162,123,52,33.7,1,22.44,1,0,0,0,1,0,2.02
863,45,80.8,1.76,183,131,54,11.4,3,26.08,0,1,0,0,0,1,6.8
864,28,56.0,1.5,193,128,56,16.7,3,24.89,1,0,0,0,1,0,9.7
865,21,101.2,1.84,181,132,50,24.3,1,29.89,0,1,0,0,0,1,2.6
866,32,56.6,1.57,170,167,72,15.7,3,22.96,1,0,0,1,0,0,6.6
867,23,40.9,1.75,167,145,61,25.2,1,13.36,1,0,0,0,0,1,2.46
868,47,127.8,1.65,198,157,60,28.7,1,46.94,0,1,1,0,0,0,1.54
869,55,49.3,1.76,194,161,73,30.5,1,15.92,1,0,0,0,1,0,2.56
870,19,64.3,1.63,197,132,57,18.0,3,24.2,1,0,1,0,0,0,9.350000000000001
871,32,49.3,1.62,167,158,74,29.3,2,18.79,0,1,0,0,1,0,3.54
872,28,63.0,1.62,196,147,55,31.7,1,24.01,1,0,0,0,1,0,1.36
873,25,41.1,1.67,186,138,71,31.9,2,14.74,1,0,0,0,0,1,3.09
874,43,40.5,1.74,187,143,51,32.9,2,13.38,1,0,0,1,0,0,4.5
875,22,71.0,1.62,199,138,68,21.2,1,27.05,0,1,0,1,0,0,1.82
876,23,60.9,1.62,193,168,69,16.8,3,23.21,1,0,1,0,0,0,7.95
877,43,64.7,1.66,191,132,69,19.8,3,23.48,1,0,0,0,0,1,7.52
878,21,51.0,1.71,174,132,73,34.2,2,17.44,1,0,0,1,0,0,3.21
879,36,57.7,1.77,176,147,63,19.4,3,18.42,1,0,0,0,1,0,6.6
880,37,76.9,1.82,192,121,50,24.5,2,23.22,0,1,0,0,1,0,5.96
881,50,80.5,1.77,175,129,59,14.3,3,25.7,0,1,0,0,0,1,7.4
882,37,73.3,1.74,188,141,65,25.5,2,24.21,1,0,1,0,0,0,3.09
883,29,49.0,1.57,168,132,53,26.5,2,19.88,1,0,0,0,0,1,3.99
884,18,114.5,1.97,192,128,60,24.1,1,29.5,0,1,1,0,0,0,3.09
885,43,81.0,1.78,188,152,65,12.4,3,25.56,0,1,0,0,0,1,7.9
886,31,53.5,1.76,172,133,69,27.6,2,17.27,1,0,0,0,1,0,4.88
887,55,52.1,1.68,180,167,50,23.6,1,18.46,0,1,0,0,0,1,2.31
888,54,70.1,1.52,180,139,65,26.6,1,30.34,1,0,0,1,0,0,1.52
889,28,86.9,1.78,164,134,68,24.9,2,27.43,0,1,0,1,0,0,5.16
890,53,73.4,1.76,169,151,70,27.9,2,23.7,0,1,0,0,0,1,3.2700000000000005
891,30,90.0,1.66,165,152,71,26.6,2,32.66,0,1,1,0,0,0,5.28
892,20,85.7,1.92,172,136,58,10.5,3,23.25,0,1,1,0,0,0,8.6
893,50,70.4,1.55,160,143,58,29.9,1,29.3,1,0,0,0,1,0,1.46
894,23,57.7,1.71,179,149,58,27.0,2,19.73,0,1,0,0,1,0,3.4499999999999997
895,27,75.7,1.76,167,132,66,25.3,1,24.44,0,1,1,0,0,0,2.04
896,22,61.8,1.52,169,166,61,17.0,3,26.75,1,0,0,0,0,1,9.15
897,40,80.3,1.76,168,167,74,13.1,3,25.92,0,1,0,0,1,0,8.149999999999999
898,27,104.3,1.68,162,135,62,29.7,2,36.95,0,1,1,0,0,0,3.84
899,19,65.7,1.58,170,121,57,25.9,2,26.32,1,0,1,0,0,0,4.38
900,30,120.3,1.96,171,136,65,23.9,1,31.32,0,1,0,0,0,1,1.32
901,57,51.9,1.57,169,151,67,29.1,2,21.06,1,0,0,1,0,0,3.1500000000000004
902,19,59.1,1.57,184,162,50,17.9,3,23.98,1,0,1,0,0,0,8.25
903,37,66.9,1.75,184,127,50,26.5,2,21.84,1,0,0,0,1,0,5.52
904,18,66.9,1.75,170,122,61,26.8,1,21.84,1,0,0,0,0,1,1.88
905,54,78.7,1.66,195,131,55,22.9,2,28.56,0,1,0,0,0,1,4.26
906,26,62.4,1.61,198,139,58,19.8,3,24.07,1,0,0,0,0,1,7.52
907,34,102.1,1.71,185,135,72,27.3,1,34.92,0,1,0,1,0,0,1.92
908,26,51.9,2.0,173,133,54,26.6,1,12.97,0,1,0,1,0,0,1.5
909,28,58.3,2.0,198,135,65,28.2,2,14.57,0,1,0,0,1,0,5.28
910,32,89.8,1.92,199,168,67,10.6,3,24.36,0,1,0,0,1,0,7.72
911,41,101.1,1.83,160,162,66,28.6,1,30.19,0,1,0,0,0,1,1.58
912,55,118.6,1.72,163,168,67,25.9,1,40.09,0,1,0,0,1,0,2.31
913,52,84.8,1.85,189,152,50,23.4,1,24.78,0,1,1,0,0,0,2.38
914,47,80.0,1.77,171,149,68,28.2,1,25.54,0,1,0,1,0,0,2.16
915,48,73.1,1.83,194,131,71,28.0,2,21.83,0,1,0,0,0,1,4.2
916,22,117.3,1.68,172,134,57,28.5,2,41.56,0,1,0,0,0,1,3.7199999999999998
917,31,77.4,1.71,190,137,52,26.2,2,26.47,1,0,1,0,0,0,5.04
918,28,72.9,1.67,197,147,74,34.7,2,26.14,1,0,1,0,0,0,3.3899999999999997
919,26,71.2,1.5,182,142,54,34.6,1,31.64,1,0,1,0,0,0,2.3
920,51,88.2,1.62,163,133,72,11.8,3,33.61,0,1,1,0,0,0,6.24
921,29,75.6,1.8,175,149,57,25.7,2,23.33,1,0,0,0,0,1,5.24
922,52,57.9,1.56,166,152,68,15.8,3,23.79,1,0,0,1,0,0,6.64
923,52,70.6,1.58,181,164,67,34.9,2,28.28,1,0,0,1,0,0,3.06
924,18,118.6,1.64,188,134,67,25.6,1,44.1,0,1,1,0,0,0,2.82
925,57,55.7,1.99,170,126,70,23.6,2,14.07,0,1,0,0,1,0,3.3899999999999997
926,39,102.3,1.94,192,134,50,22.9,1,27.18,0,1,0,0,0,1,2.67
927,46,72.6,1.87,188,161,64,22.6,2,20.76,0,1,0,1,0,0,5.24
928,25,63.8,1.68,198,165,67,31.6,1,22.6,1,0,1,0,0,0,1.9
929,28,67.3,1.67,171,157,74,29.2,1,24.13,1,0,0,0,1,0,1.83
930,58,59.3,1.58,166,165,56,19.8,3,23.75,1,0,0,0,1,0,7.88
931,54,70.7,1.57,198,163,65,31.8,1,28.68,1,0,1,0,0,0,3.42
932,31,86.9,1.69,185,130,65,14.0,3,30.43,0,1,0,0,0,1,6.88
933,47,98.2,1.9,199,148,64,22.9,1,27.2,0,1,0,1,0,0,2.2800000000000002
934,52,63.6,1.62,168,150,55,20.8,2,24.23,0,1,0,0,1,0,5.2
935,38,45.2,1.68,193,144,58,29.9,2,16.01,1,0,0,1,0,0,3.0300000000000002
936,54,117.2,1.62,172,143,56,23.1,2,44.66,0,1,0,1,0,0,4.16
937,22,107.4,1.74,195,138,63,22.0,1,35.47,0,1,0,0,1,0,2.68
938,36,59.1,1.78,184,121,60,34.5,1,18.65,1,0,1,0,0,0,1.7
939,31,53.3,1.64,183,141,70,29.4,1,19.82,1,0,0,0,1,0,1.71
940,43,46.2,1.63,176,139,65,21.7,1,17.39,0,1,0,0,1,0,2.36
941,21,67.0,1.61,161,152,74,22.0,2,25.85,0,1,0,0,0,1,3.96
942,42,86.3,1.77,172,127,55,11.4,3,27.55,0,1,0,1,0,0,7.08
943,59,85.5,1.67,190,144,71,15.0,3,30.66,0,1,1,0,0,0,9.95
944,42,70.2,1.87,188,165,65,22.7,2,20.07,0,1,0,1,0,0,4.14
945,35,127.1,1.62,187,128,69,23.3,2,48.43,0,1,0,0,1,0,4.08
946,57,75.6,1.67,186,153,65,31.6,2,27.11,1,0,1,0,0,0,3.1500000000000004
947,25,62.6,1.65,174,142,61,27.9,1,22.99,1,0,1,0,0,0,3.5999999999999996
948,56,55.7,1.53,190,124,66,16.1,3,23.79,1,0,1,0,0,0,9.549999999999999
949,57,96.1,1.74,199,144,54,21.6,2,31.74,0,1,1,0,0,0,3.63
950,31,76.7,1.62,174,127,74,28.1,2,29.23,1,0,0,0,0,1,5.56
951,49,57.2,1.89,192,135,62,21.1,1,16.01,0,1,1,0,0,0,2.28
952,55,69.9,1.81,179,167,57,20.2,2,21.34,0,1,0,0,1,0,4.8
953,50,67.9,1.77,171,164,73,33.0,2,21.67,1,0,0,0,0,1,3.09
954,40,87.9,1.87,196,134,54,10.7,3,25.14,0,1,0,0,1,0,9.8
955,32,102.8,1.98,168,120,61,27.8,2,26.22,0,1,0,0,1,0,3.7199999999999998
956,50,51.8,1.5,182,141,58,33.0,1,23.02,1,0,0,1,0,0,3.96
957,42,57.7,1.57,167,122,52,17.7,3,23.41,1,0,1,0,0,0,7.32
958,34,66.5,1.69,191,157,52,28.1,1,23.28,1,0,1,0,0,0,2.43
959,50,95.4,1.61,173,133,50,21.5,2,36.8,0,1,0,0,1,0,4.64
960,19,69.2,1.6,186,155,74,32.4,1,27.03,1,0,1,0,0,0,3.51
961,31,66.6,1.67,184,137,71,31.0,2,23.88,1,0,0,0,0,1,4.08
962,57,83.4,1.65,172,166,67,13.3,3,30.63,0,1,0,1,0,0,6.28
963,57,43.8,1.75,180,160,73,25.1,1,14.3,1,0,1,0,0,0,2.78
964,56,64.2,1.69,190,137,61,19.6,3,22.48,1,0,1,0,0,0,9.95
965,23,44.1,1.62,196,122,58,25.7,1,16.8,1,0,0,0,0,1,1.16
966,23,87.3,1.91,164,129,58,11.8,3,23.93,0,1,0,1,0,0,9.350000000000001
967,20,55.0,1.6,172,168,67,24.0,2,21.48,0,1,0,0,0,1,4.48
968,24,87.1,1.74,187,158,67,10.0,3,28.77,0,1,0,0,1,0,6.28
969,25,66.6,1.61,184,166,56,25.0,1,25.69,0,1,0,0,1,0,2.76
970,59,60.4,1.76,194,120,53,18.8,3,19.5,1,0,1,0,0,0,8.6
971,32,126.4,1.83,198,146,62,28.2,2,37.74,0,1,0,1,0,0,3.3000000000000003
972,46,88.7,1.63,166,146,66,28.8,1,33.38,0,1,0,0,1,0,1.5
